GEOID,date,state,county,percent_new_test_results_reported_positive_7_day_rolling_average
6001,2021-05-18,CA,Alameda County,0.0
6003,2021-05-18,CA,Alpine County,0.0
6005,2021-05-18,CA,Amador County,0.0
6007,2021-05-18,CA,Butte County,0.0
6009,2021-05-18,CA,Calaveras County,0.0
6011,2021-05-18,CA,Colusa County,0.0
6013,2021-05-18,CA,Contra Costa County,0.0
6015,2021-05-18,CA,Del Norte County,0.0
6017,2021-05-18,CA,El Dorado County,0.0
6019,2021-05-18,CA,Fresno County,0.0
6021,2021-05-18,CA,Glenn County,0.0
6023,2021-05-18,CA,Humboldt County,0.0
6025,2021-05-18,CA,Imperial County,0.0
6027,2021-05-18,CA,Inyo County,0.0
6029,2021-05-18,CA,Kern County,0.0
6031,2021-05-18,CA,Kings County,0.0
6033,2021-05-18,CA,Lake County,0.0
6035,2021-05-18,CA,Lassen County,0.0
6037,2021-05-18,CA,Los Angeles County,0.0
6039,2021-05-18,CA,Madera County,0.0
6041,2021-05-18,CA,Marin County,0.0
6043,2021-05-18,CA,Mariposa County,0.0
6045,2021-05-18,CA,Mendocino County,0.0
6047,2021-05-18,CA,Merced County,0.0
6049,2021-05-18,CA,Modoc County,0.0
6051,2021-05-18,CA,Mono County,0.0
6053,2021-05-18,CA,Monterey County,0.0
6055,2021-05-18,CA,Napa County,0.0
6057,2021-05-18,CA,Nevada County,0.0
6059,2021-05-18,CA,Orange County,0.0
6061,2021-05-18,CA,Placer County,0.0
6063,2021-05-18,CA,Plumas County,0.0
6065,2021-05-18,CA,Riverside County,0.0
6067,2021-05-18,CA,Sacramento County,0.0
6069,2021-05-18,CA,San Benito County,0.0
6071,2021-05-18,CA,San Bernardino County,0.0
6073,2021-05-18,CA,San Diego County,0.0
6075,2021-05-18,CA,San Francisco County,0.0
6077,2021-05-18,CA,San Joaquin County,0.0
6079,2021-05-18,CA,San Luis Obispo County,0.0
6081,2021-05-18,CA,San Mateo County,0.0
6083,2021-05-18,CA,Santa Barbara County,0.0
6085,2021-05-18,CA,Santa Clara County,0.0
6087,2021-05-18,CA,Santa Cruz County,0.0
6089,2021-05-18,CA,Shasta County,0.0
6091,2021-05-18,CA,Sierra County,0.0
6093,2021-05-18,CA,Siskiyou County,0.0
6095,2021-05-18,CA,Solano County,0.0
6097,2021-05-18,CA,Sonoma County,0.0
6099,2021-05-18,CA,Stanislaus County,0.0
6101,2021-05-18,CA,Sutter County,0.0
6103,2021-05-18,CA,Tehama County,0.0
6105,2021-05-18,CA,Trinity County,0.0
6107,2021-05-18,CA,Tulare County,0.0
6109,2021-05-18,CA,Tuolumne County,0.0
6111,2021-05-18,CA,Ventura County,0.0
6113,2021-05-18,CA,Yolo County,0.0
6115,2021-05-18,CA,Yuba County,0.0
17001,2021-05-18,IL,Adams County,2.44
17003,2021-05-18,IL,Alexander County,0.0
17005,2021-05-18,IL,Bond County,1.9
17007,2021-05-18,IL,Boone County,2.98
17009,2021-05-18,IL,Brown County,2.43
17011,2021-05-18,IL,Bureau County,0.0
17013,2021-05-18,IL,Calhoun County,0.0
17015,2021-05-18,IL,Carroll County,3.61
17017,2021-05-18,IL,Cass County,1.1400000000000001
17019,2021-05-18,IL,Champaign County,0.62
17021,2021-05-18,IL,Christian County,0.9500000000000001
17023,2021-05-18,IL,Clark County,6.51
17025,2021-05-18,IL,Clay County,0.0
17027,2021-05-18,IL,Clinton County,2.51
17029,2021-05-18,IL,Coles County,2.94
17031,2021-05-18,IL,Cook County,3.07
17033,2021-05-18,IL,Crawford County,1.38
17035,2021-05-18,IL,Cumberland County,0.0
17039,2021-05-18,IL,De Witt County,4.91
17037,2021-05-18,IL,DeKalb County,5.12
17041,2021-05-18,IL,Douglas County,3.77
17043,2021-05-18,IL,DuPage County,3.23
17045,2021-05-18,IL,Edgar County,3.11
17047,2021-05-18,IL,Edwards County,3.27
17049,2021-05-18,IL,Effingham County,0.93
17051,2021-05-18,IL,Fayette County,1.04
17053,2021-05-18,IL,Ford County,6.04
17055,2021-05-18,IL,Franklin County,2.7199999999999998
17057,2021-05-18,IL,Fulton County,7.27
17059,2021-05-18,IL,Gallatin County,3.17
17061,2021-05-18,IL,Greene County,0.0
17063,2021-05-18,IL,Grundy County,3.68
17065,2021-05-18,IL,Hamilton County,2.55
17067,2021-05-18,IL,Hancock County,1.92
17069,2021-05-18,IL,Hardin County,0.0
17071,2021-05-18,IL,Henderson County,0.0
17073,2021-05-18,IL,Henry County,3.63
17075,2021-05-18,IL,Iroquois County,5.08
17077,2021-05-18,IL,Jackson County,1.9300000000000002
17079,2021-05-18,IL,Jasper County,2.3
17081,2021-05-18,IL,Jefferson County,4.59
17083,2021-05-18,IL,Jersey County,2.29
17085,2021-05-18,IL,Jo Daviess County,5.64
17087,2021-05-18,IL,Johnson County,3.37
17089,2021-05-18,IL,Kane County,4.17
17091,2021-05-18,IL,Kankakee County,3.73
17093,2021-05-18,IL,Kendall County,4.86
17095,2021-05-18,IL,Knox County,2.51
17097,2021-05-18,IL,Lake County,2.03
17099,2021-05-18,IL,LaSalle County,3.6
17101,2021-05-18,IL,Lawrence County,2.19
17103,2021-05-18,IL,Lee County,1.9300000000000002
17105,2021-05-18,IL,Livingston County,2.27
17107,2021-05-18,IL,Logan County,3.69
17115,2021-05-18,IL,Macon County,3.44
17117,2021-05-18,IL,Macoupin County,3.27
17119,2021-05-18,IL,Madison County,4.25
17121,2021-05-18,IL,Marion County,2.15
17123,2021-05-18,IL,Marshall County,4.0
17125,2021-05-18,IL,Mason County,7.75
17127,2021-05-18,IL,Massac County,3.81
17109,2021-05-18,IL,McDonough County,4.82
17111,2021-05-18,IL,McHenry County,3.83
17113,2021-05-18,IL,McLean County,3.27
17129,2021-05-18,IL,Menard County,1.9
17131,2021-05-18,IL,Mercer County,5.06
17133,2021-05-18,IL,Monroe County,1.26
17135,2021-05-18,IL,Montgomery County,1.82
17137,2021-05-18,IL,Morgan County,1.51
17139,2021-05-18,IL,Moultrie County,2.4
17141,2021-05-18,IL,Ogle County,3.19
17143,2021-05-18,IL,Peoria County,4.18
17145,2021-05-18,IL,Perry County,3.55
17147,2021-05-18,IL,Piatt County,3.31
17149,2021-05-18,IL,Pike County,0.0
17151,2021-05-18,IL,Pope County,0.0
17153,2021-05-18,IL,Pulaski County,3.13
17155,2021-05-18,IL,Putnam County,0.0
17157,2021-05-18,IL,Randolph County,0.84
17159,2021-05-18,IL,Richland County,4.58
17161,2021-05-18,IL,Rock Island County,3.9
17165,2021-05-18,IL,Saline County,3.61
17167,2021-05-18,IL,Sangamon County,2.4
17169,2021-05-18,IL,Schuyler County,1.88
17171,2021-05-18,IL,Scott County,0.0
17173,2021-05-18,IL,Shelby County,2.33
17163,2021-05-18,IL,St. Clair County,3.36
17175,2021-05-18,IL,Stark County,1.43
17177,2021-05-18,IL,Stephenson County,4.85
17179,2021-05-18,IL,Tazewell County,3.64
17181,2021-05-18,IL,Union County,1.09
17183,2021-05-18,IL,Vermilion County,5.32
17185,2021-05-18,IL,Wabash County,1.43
17187,2021-05-18,IL,Warren County,2.58
17189,2021-05-18,IL,Washington County,1.3
17191,2021-05-18,IL,Wayne County,3.6
17193,2021-05-18,IL,White County,3.37
17195,2021-05-18,IL,Whiteside County,0.88
17197,2021-05-18,IL,Will County,3.19
17199,2021-05-18,IL,Williamson County,2.47
17201,2021-05-18,IL,Winnebago County,4.54
17203,2021-05-18,IL,Woodford County,3.37
18001,2021-05-18,IN,Adams County,1.0
18003,2021-05-18,IN,Allen County,6.52
18005,2021-05-18,IN,Bartholomew County,2.06
18007,2021-05-18,IN,Benton County,5.25
18009,2021-05-18,IN,Blackford County,9.29
18011,2021-05-18,IN,Boone County,4.14
18013,2021-05-18,IN,Brown County,3.47
18015,2021-05-18,IN,Carroll County,8.55
18017,2021-05-18,IN,Cass County,8.17
18019,2021-05-18,IN,Clark County,4.6
18021,2021-05-18,IN,Clay County,6.52
18023,2021-05-18,IN,Clinton County,8.13
18025,2021-05-18,IN,Crawford County,3.22
18027,2021-05-18,IN,Daviess County,1.31
18029,2021-05-18,IN,Dearborn County,6.71
18031,2021-05-18,IN,Decatur County,7.86
18033,2021-05-18,IN,DeKalb County,7.57
18035,2021-05-18,IN,Delaware County,7.21
18037,2021-05-18,IN,Dubois County,1.87
18039,2021-05-18,IN,Elkhart County,8.7
18041,2021-05-18,IN,Fayette County,4.51
18043,2021-05-18,IN,Floyd County,2.4
18045,2021-05-18,IN,Fountain County,6.93
18047,2021-05-18,IN,Franklin County,3.16
18049,2021-05-18,IN,Fulton County,3.93
18051,2021-05-18,IN,Gibson County,7.01
18053,2021-05-18,IN,Grant County,11.4
18055,2021-05-18,IN,Greene County,10.54
18057,2021-05-18,IN,Hamilton County,4.26
18059,2021-05-18,IN,Hancock County,3.86
18061,2021-05-18,IN,Harrison County,1.82
18063,2021-05-18,IN,Hendricks County,5.22
18065,2021-05-18,IN,Henry County,5.3
18067,2021-05-18,IN,Howard County,4.7
18069,2021-05-18,IN,Huntington County,5.24
18071,2021-05-18,IN,Jackson County,5.63
18073,2021-05-18,IN,Jasper County,8.57
18075,2021-05-18,IN,Jay County,9.15
18077,2021-05-18,IN,Jefferson County,2.05
18079,2021-05-18,IN,Jennings County,4.97
18081,2021-05-18,IN,Johnson County,6.18
18083,2021-05-18,IN,Knox County,3.77
18085,2021-05-18,IN,Kosciusko County,9.8
18087,2021-05-18,IN,LaGrange County,5.51
18089,2021-05-18,IN,Lake County,7.25
18091,2021-05-18,IN,LaPorte County,6.99
18093,2021-05-18,IN,Lawrence County,13.64
18095,2021-05-18,IN,Madison County,7.65
18097,2021-05-18,IN,Marion County,4.76
18099,2021-05-18,IN,Marshall County,9.38
18101,2021-05-18,IN,Martin County,2.68
18103,2021-05-18,IN,Miami County,8.63
18105,2021-05-18,IN,Monroe County,3.31
18107,2021-05-18,IN,Montgomery County,4.01
18109,2021-05-18,IN,Morgan County,5.17
18111,2021-05-18,IN,Newton County,14.2
18113,2021-05-18,IN,Noble County,6.47
18115,2021-05-18,IN,Ohio County,1.6800000000000002
18117,2021-05-18,IN,Orange County,7.5
18119,2021-05-18,IN,Owen County,7.99
18121,2021-05-18,IN,Parke County,1.47
18123,2021-05-18,IN,Perry County,8.95
18125,2021-05-18,IN,Pike County,5.25
18127,2021-05-18,IN,Porter County,6.8100000000000005
18129,2021-05-18,IN,Posey County,0.0
18131,2021-05-18,IN,Pulaski County,8.93
18133,2021-05-18,IN,Putnam County,7.22
18135,2021-05-18,IN,Randolph County,8.17
18137,2021-05-18,IN,Ripley County,2.8
18139,2021-05-18,IN,Rush County,3.83
18143,2021-05-18,IN,Scott County,3.1
18145,2021-05-18,IN,Shelby County,6.55
18147,2021-05-18,IN,Spencer County,8.44
18141,2021-05-18,IN,St. Joseph County,5.63
18149,2021-05-18,IN,Starke County,11.83
18151,2021-05-18,IN,Steuben County,10.44
18153,2021-05-18,IN,Sullivan County,2.41
18155,2021-05-18,IN,Switzerland County,0.0
18157,2021-05-18,IN,Tippecanoe County,3.34
18159,2021-05-18,IN,Tipton County,5.07
18161,2021-05-18,IN,Union County,9.74
18163,2021-05-18,IN,Vanderburgh County,4.73
18165,2021-05-18,IN,Vermillion County,8.15
18167,2021-05-18,IN,Vigo County,3.29
18169,2021-05-18,IN,Wabash County,5.35
18171,2021-05-18,IN,Warren County,6.48
18173,2021-05-18,IN,Warrick County,5.53
18175,2021-05-18,IN,Washington County,3.81
18177,2021-05-18,IN,Wayne County,1.75
18179,2021-05-18,IN,Wells County,3.66
18181,2021-05-18,IN,White County,13.04
18183,2021-05-18,IN,Whitley County,10.19
23001,2021-05-18,ME,Androscoggin County,4.51
23003,2021-05-18,ME,Aroostook County,2.37
23005,2021-05-18,ME,Cumberland County,1.4
23007,2021-05-18,ME,Franklin County,1.69
23009,2021-05-18,ME,Hancock County,2.43
23011,2021-05-18,ME,Kennebec County,1.87
23013,2021-05-18,ME,Knox County,2.59
23015,2021-05-18,ME,Lincoln County,2.94
23017,2021-05-18,ME,Oxford County,3.8
23019,2021-05-18,ME,Penobscot County,3.11
23021,2021-05-18,ME,Piscataquis County,5.39
23023,2021-05-18,ME,Sagadahoc County,2.49
23025,2021-05-18,ME,Somerset County,3.25
23027,2021-05-18,ME,Waldo County,5.48
23029,2021-05-18,ME,Washington County,2.5300000000000002
23031,2021-05-18,ME,York County,2.5700000000000003
34001,2021-05-18,NJ,Atlantic County,3.23
34003,2021-05-18,NJ,Bergen County,2.22
34005,2021-05-18,NJ,Burlington County,2.69
34007,2021-05-18,NJ,Camden County,3.39
34009,2021-05-18,NJ,Cape May County,2.24
34011,2021-05-18,NJ,Cumberland County,2.83
34013,2021-05-18,NJ,Essex County,2.71
34015,2021-05-18,NJ,Gloucester County,4.28
34017,2021-05-18,NJ,Hudson County,2.68
34019,2021-05-18,NJ,Hunterdon County,2.5300000000000002
34021,2021-05-18,NJ,Mercer County,2.5700000000000003
34023,2021-05-18,NJ,Middlesex County,2.69
34025,2021-05-18,NJ,Monmouth County,2.73
34027,2021-05-18,NJ,Morris County,1.98
34029,2021-05-18,NJ,Ocean County,2.36
34031,2021-05-18,NJ,Passaic County,3.94
34033,2021-05-18,NJ,Salem County,3.98
34035,2021-05-18,NJ,Somerset County,1.99
34037,2021-05-18,NJ,Sussex County,3.11
34039,2021-05-18,NJ,Union County,2.64
34041,2021-05-18,NJ,Warren County,2.58
36001,2021-05-18,NY,Albany County,1.78
36003,2021-05-18,NY,Allegany County,5.29
36005,2021-05-18,NY,Bronx County,1.38
36007,2021-05-18,NY,Broome County,3.17
36009,2021-05-18,NY,Cattaraugus County,4.61
36011,2021-05-18,NY,Cayuga County,3.25
36013,2021-05-18,NY,Chautauqua County,1.28
36015,2021-05-18,NY,Chemung County,3.44
36017,2021-05-18,NY,Chenango County,4.07
36019,2021-05-18,NY,Clinton County,1.02
36021,2021-05-18,NY,Columbia County,1.94
36023,2021-05-18,NY,Cortland County,5.14
36025,2021-05-18,NY,Delaware County,1.4
36027,2021-05-18,NY,Dutchess County,2.32
36029,2021-05-18,NY,Erie County,2.59
36031,2021-05-18,NY,Essex County,0.77
36033,2021-05-18,NY,Franklin County,0.12
36035,2021-05-18,NY,Fulton County,3.65
36037,2021-05-18,NY,Genesee County,2.62
36039,2021-05-18,NY,Greene County,1.55
36041,2021-05-18,NY,Hamilton County,2.86
36043,2021-05-18,NY,Herkimer County,2.19
36045,2021-05-18,NY,Jefferson County,3.19
36047,2021-05-18,NY,Kings County,1.6
36049,2021-05-18,NY,Lewis County,8.14
36051,2021-05-18,NY,Livingston County,4.93
36053,2021-05-18,NY,Madison County,2.51
36055,2021-05-18,NY,Monroe County,4.5600000000000005
36057,2021-05-18,NY,Montgomery County,4.33
36059,2021-05-18,NY,Nassau County,1.33
36061,2021-05-18,NY,New York County,0.92
36063,2021-05-18,NY,Niagara County,2.24
36065,2021-05-18,NY,Oneida County,1.15
36067,2021-05-18,NY,Onondaga County,2.44
36069,2021-05-18,NY,Ontario County,1.4
36071,2021-05-18,NY,Orange County,2.22
36073,2021-05-18,NY,Orleans County,2.36
36075,2021-05-18,NY,Oswego County,2.17
36077,2021-05-18,NY,Otsego County,0.99
36079,2021-05-18,NY,Putnam County,0.79
36081,2021-05-18,NY,Queens County,1.8
36083,2021-05-18,NY,Rensselaer County,1.8399999999999999
36085,2021-05-18,NY,Richmond County,1.7000000000000002
36087,2021-05-18,NY,Rockland County,1.26
36091,2021-05-18,NY,Saratoga County,1.13
36093,2021-05-18,NY,Schenectady County,2.19
36095,2021-05-18,NY,Schoharie County,3.62
36097,2021-05-18,NY,Schuyler County,1.58
36099,2021-05-18,NY,Seneca County,1.48
36089,2021-05-18,NY,St. Lawrence County,2.15
36101,2021-05-18,NY,Steuben County,3.86
36103,2021-05-18,NY,Suffolk County,1.45
36105,2021-05-18,NY,Sullivan County,2.05
36107,2021-05-18,NY,Tioga County,4.91
36109,2021-05-18,NY,Tompkins County,0.24
36111,2021-05-18,NY,Ulster County,1.81
36113,2021-05-18,NY,Warren County,0.8
36115,2021-05-18,NY,Washington County,1.42
36117,2021-05-18,NY,Wayne County,3.11
36119,2021-05-18,NY,Westchester County,1.06
36121,2021-05-18,NY,Wyoming County,3.07
36123,2021-05-18,NY,Yates County,1.3
37001,2021-05-18,NC,Alamance County,2.71
37003,2021-05-18,NC,Alexander County,2.45
37005,2021-05-18,NC,Alleghany County,2.86
37007,2021-05-18,NC,Anson County,3.59
37009,2021-05-18,NC,Ashe County,2.56
37011,2021-05-18,NC,Avery County,5.44
37013,2021-05-18,NC,Beaufort County,6.54
37015,2021-05-18,NC,Bertie County,4.92
37017,2021-05-18,NC,Bladen County,4.75
37019,2021-05-18,NC,Brunswick County,2.14
37021,2021-05-18,NC,Buncombe County,3.92
37023,2021-05-18,NC,Burke County,3.09
37025,2021-05-18,NC,Cabarrus County,3.45
37027,2021-05-18,NC,Caldwell County,3.86
37029,2021-05-18,NC,Camden County,9.8
37031,2021-05-18,NC,Carteret County,1.8399999999999999
37033,2021-05-18,NC,Caswell County,3.22
37035,2021-05-18,NC,Catawba County,5.98
37037,2021-05-18,NC,Chatham County,2.49
37039,2021-05-18,NC,Cherokee County,8.85
37041,2021-05-18,NC,Chowan County,1.67
37043,2021-05-18,NC,Clay County,0.5700000000000001
37045,2021-05-18,NC,Cleveland County,3.2
37047,2021-05-18,NC,Columbus County,2.9699999999999998
37049,2021-05-18,NC,Craven County,2.9699999999999998
37051,2021-05-18,NC,Cumberland County,9.63
37053,2021-05-18,NC,Currituck County,4.78
37055,2021-05-18,NC,Dare County,3.15
37057,2021-05-18,NC,Davidson County,7.94
37059,2021-05-18,NC,Davie County,6.33
37061,2021-05-18,NC,Duplin County,7.88
37063,2021-05-18,NC,Durham County,1.96
37065,2021-05-18,NC,Edgecombe County,5.8100000000000005
37067,2021-05-18,NC,Forsyth County,4.9
37069,2021-05-18,NC,Franklin County,8.66
37071,2021-05-18,NC,Gaston County,5.11
37073,2021-05-18,NC,Gates County,2.86
37075,2021-05-18,NC,Graham County,5.48
37077,2021-05-18,NC,Granville County,3.0
37079,2021-05-18,NC,Greene County,5.82
37081,2021-05-18,NC,Guilford County,3.69
37083,2021-05-18,NC,Halifax County,4.14
37085,2021-05-18,NC,Harnett County,7.78
37087,2021-05-18,NC,Haywood County,7.08
37089,2021-05-18,NC,Henderson County,3.09
37091,2021-05-18,NC,Hertford County,5.14
37093,2021-05-18,NC,Hoke County,11.02
37095,2021-05-18,NC,Hyde County,0.0
37097,2021-05-18,NC,Iredell County,3.43
37099,2021-05-18,NC,Jackson County,1.27
37101,2021-05-18,NC,Johnston County,4.9
37103,2021-05-18,NC,Jones County,5.78
37105,2021-05-18,NC,Lee County,4.75
37107,2021-05-18,NC,Lenoir County,7.88
37109,2021-05-18,NC,Lincoln County,6.66
37113,2021-05-18,NC,Macon County,5.18
37115,2021-05-18,NC,Madison County,2.41
37117,2021-05-18,NC,Martin County,4.93
37111,2021-05-18,NC,McDowell County,1.97
37119,2021-05-18,NC,Mecklenburg County,3.63
37121,2021-05-18,NC,Mitchell County,7.66
37123,2021-05-18,NC,Montgomery County,4.61
37125,2021-05-18,NC,Moore County,3.5300000000000002
37127,2021-05-18,NC,Nash County,4.12
37129,2021-05-18,NC,New Hanover County,5.11
37131,2021-05-18,NC,Northampton County,3.1
37133,2021-05-18,NC,Onslow County,9.54
37135,2021-05-18,NC,Orange County,0.8200000000000001
37137,2021-05-18,NC,Pamlico County,0.51
37139,2021-05-18,NC,Pasquotank County,7.57
37141,2021-05-18,NC,Pender County,7.27
37143,2021-05-18,NC,Perquimans County,6.22
37145,2021-05-18,NC,Person County,6.23
37147,2021-05-18,NC,Pitt County,6.09
37149,2021-05-18,NC,Polk County,2.4
37151,2021-05-18,NC,Randolph County,2.65
37153,2021-05-18,NC,Richmond County,7.96
37155,2021-05-18,NC,Robeson County,4.22
37157,2021-05-18,NC,Rockingham County,6.04
37159,2021-05-18,NC,Rowan County,5.61
37161,2021-05-18,NC,Rutherford County,3.6
37163,2021-05-18,NC,Sampson County,3.91
37165,2021-05-18,NC,Scotland County,3.14
37167,2021-05-18,NC,Stanly County,5.67
37169,2021-05-18,NC,Stokes County,5.74
37171,2021-05-18,NC,Surry County,5.62
37173,2021-05-18,NC,Swain County,1.9
37175,2021-05-18,NC,Transylvania County,2.8200000000000003
37177,2021-05-18,NC,Tyrrell County,0.0
37179,2021-05-18,NC,Union County,4.14
37181,2021-05-18,NC,Vance County,3.62
37183,2021-05-18,NC,Wake County,3.66
37185,2021-05-18,NC,Warren County,7.41
37187,2021-05-18,NC,Washington County,6.52
37189,2021-05-18,NC,Watauga County,2.5
37191,2021-05-18,NC,Wayne County,4.01
37193,2021-05-18,NC,Wilkes County,5.33
37195,2021-05-18,NC,Wilson County,3.87
37197,2021-05-18,NC,Yadkin County,8.83
37199,2021-05-18,NC,Yancey County,9.16
39001,2021-05-18,OH,Adams County,2.95
39003,2021-05-18,OH,Allen County,5.55
39005,2021-05-18,OH,Ashland County,3.58
39007,2021-05-18,OH,Ashtabula County,6.77
39009,2021-05-18,OH,Athens County,0.88
39011,2021-05-18,OH,Auglaize County,4.22
39013,2021-05-18,OH,Belmont County,5.45
39015,2021-05-18,OH,Brown County,6.94
39017,2021-05-18,OH,Butler County,2.9699999999999998
39019,2021-05-18,OH,Carroll County,7.93
39021,2021-05-18,OH,Champaign County,3.98
39023,2021-05-18,OH,Clark County,3.85
39025,2021-05-18,OH,Clermont County,2.91
39027,2021-05-18,OH,Clinton County,2.31
39029,2021-05-18,OH,Columbiana County,6.21
39031,2021-05-18,OH,Coshocton County,2.7800000000000002
39033,2021-05-18,OH,Crawford County,4.06
39035,2021-05-18,OH,Cuyahoga County,3.2
39037,2021-05-18,OH,Darke County,2.68
39039,2021-05-18,OH,Defiance County,4.84
39041,2021-05-18,OH,Delaware County,1.77
39043,2021-05-18,OH,Erie County,3.5
39045,2021-05-18,OH,Fairfield County,3.69
39047,2021-05-18,OH,Fayette County,2.04
39049,2021-05-18,OH,Franklin County,2.87
39051,2021-05-18,OH,Fulton County,4.12
39053,2021-05-18,OH,Gallia County,4.11
39055,2021-05-18,OH,Geauga County,2.1
39057,2021-05-18,OH,Greene County,3.71
39059,2021-05-18,OH,Guernsey County,3.66
39061,2021-05-18,OH,Hamilton County,2.99
39063,2021-05-18,OH,Hancock County,5.14
39065,2021-05-18,OH,Hardin County,2.08
39067,2021-05-18,OH,Harrison County,10.5
39069,2021-05-18,OH,Henry County,3.34
39071,2021-05-18,OH,Highland County,2.22
39073,2021-05-18,OH,Hocking County,1.15
39075,2021-05-18,OH,Holmes County,2.91
39077,2021-05-18,OH,Huron County,6.02
39079,2021-05-18,OH,Jackson County,3.16
39081,2021-05-18,OH,Jefferson County,6.01
39083,2021-05-18,OH,Knox County,2.39
39085,2021-05-18,OH,Lake County,3.38
39087,2021-05-18,OH,Lawrence County,13.62
39089,2021-05-18,OH,Licking County,2.36
39091,2021-05-18,OH,Logan County,0.8200000000000001
39093,2021-05-18,OH,Lorain County,2.8200000000000003
39095,2021-05-18,OH,Lucas County,4.43
39097,2021-05-18,OH,Madison County,4.72
39099,2021-05-18,OH,Mahoning County,4.05
39101,2021-05-18,OH,Marion County,1.51
39103,2021-05-18,OH,Medina County,2.43
39105,2021-05-18,OH,Meigs County,2.55
39107,2021-05-18,OH,Mercer County,4.53
39109,2021-05-18,OH,Miami County,3.73
39111,2021-05-18,OH,Monroe County,0.32
39113,2021-05-18,OH,Montgomery County,3.65
39115,2021-05-18,OH,Morgan County,0.0
39117,2021-05-18,OH,Morrow County,2.79
39119,2021-05-18,OH,Muskingum County,2.15
39121,2021-05-18,OH,Noble County,2.32
39123,2021-05-18,OH,Ottawa County,3.66
39125,2021-05-18,OH,Paulding County,8.7
39127,2021-05-18,OH,Perry County,0.0
39129,2021-05-18,OH,Pickaway County,0.8300000000000001
39131,2021-05-18,OH,Pike County,4.08
39133,2021-05-18,OH,Portage County,3.75
39135,2021-05-18,OH,Preble County,2.73
39137,2021-05-18,OH,Putnam County,4.06
39139,2021-05-18,OH,Richland County,2.33
39141,2021-05-18,OH,Ross County,1.62
39143,2021-05-18,OH,Sandusky County,3.5
39145,2021-05-18,OH,Scioto County,7.47
39147,2021-05-18,OH,Seneca County,2.43
39149,2021-05-18,OH,Shelby County,1.85
39151,2021-05-18,OH,Stark County,4.86
39153,2021-05-18,OH,Summit County,4.01
39155,2021-05-18,OH,Trumbull County,3.92
39157,2021-05-18,OH,Tuscarawas County,2.67
39159,2021-05-18,OH,Union County,4.9
39161,2021-05-18,OH,Van Wert County,2.56
39163,2021-05-18,OH,Vinton County,9.36
39165,2021-05-18,OH,Warren County,2.76
39167,2021-05-18,OH,Washington County,5.83
39169,2021-05-18,OH,Wayne County,3.91
39171,2021-05-18,OH,Williams County,3.85
39173,2021-05-18,OH,Wood County,3.06
39175,2021-05-18,OH,Wyandot County,2.7199999999999998
41001,2021-05-18,OR,Baker County,5.26
41003,2021-05-18,OR,Benton County,2.5
41005,2021-05-18,OR,Clackamas County,5.89
41007,2021-05-18,OR,Clatsop County,4.61
41009,2021-05-18,OR,Columbia County,3.99
41011,2021-05-18,OR,Coos County,4.07
41013,2021-05-18,OR,Crook County,10.99
41015,2021-05-18,OR,Curry County,7.47
41017,2021-05-18,OR,Deschutes County,9.31
41019,2021-05-18,OR,Douglas County,3.77
41021,2021-05-18,OR,Gilliam County,0.0
41023,2021-05-18,OR,Grant County,7.4
41025,2021-05-18,OR,Harney County,8.98
41027,2021-05-18,OR,Hood River County,5.68
41029,2021-05-18,OR,Jackson County,7.98
41031,2021-05-18,OR,Jefferson County,9.14
41033,2021-05-18,OR,Josephine County,3.69
41035,2021-05-18,OR,Klamath County,9.67
41037,2021-05-18,OR,Lake County,18.82
41039,2021-05-18,OR,Lane County,2.35
41041,2021-05-18,OR,Lincoln County,2.29
41043,2021-05-18,OR,Linn County,6.03
41045,2021-05-18,OR,Malheur County,3.29
41047,2021-05-18,OR,Marion County,7.65
41049,2021-05-18,OR,Morrow County,5.59
41051,2021-05-18,OR,Multnomah County,4.31
41053,2021-05-18,OR,Polk County,6.09
41055,2021-05-18,OR,Sherman County,0.0
41057,2021-05-18,OR,Tillamook County,2.89
41059,2021-05-18,OR,Umatilla County,7.35
41061,2021-05-18,OR,Union County,3.91
41063,2021-05-18,OR,Wallowa County,4.17
41065,2021-05-18,OR,Wasco County,2.47
41067,2021-05-18,OR,Washington County,4.32
41069,2021-05-18,OR,Wheeler County,0.0
41071,2021-05-18,OR,Yamhill County,4.51
42001,2021-05-18,PA,Adams County,6.01
42003,2021-05-18,PA,Allegheny County,4.53
42005,2021-05-18,PA,Armstrong County,9.19
42007,2021-05-18,PA,Beaver County,6.04
42009,2021-05-18,PA,Bedford County,9.86
42011,2021-05-18,PA,Berks County,7.46
42013,2021-05-18,PA,Blair County,6.33
42015,2021-05-18,PA,Bradford County,9.39
42017,2021-05-18,PA,Bucks County,4.31
42019,2021-05-18,PA,Butler County,6.43
42021,2021-05-18,PA,Cambria County,5.96
42023,2021-05-18,PA,Cameron County,15.83
42025,2021-05-18,PA,Carbon County,6.4
42027,2021-05-18,PA,Centre County,4.42
42029,2021-05-18,PA,Chester County,3.34
42031,2021-05-18,PA,Clarion County,7.33
42033,2021-05-18,PA,Clearfield County,6.84
42035,2021-05-18,PA,Clinton County,8.49
42037,2021-05-18,PA,Columbia County,9.78
42039,2021-05-18,PA,Crawford County,17.0
42041,2021-05-18,PA,Cumberland County,4.98
42043,2021-05-18,PA,Dauphin County,7.39
42045,2021-05-18,PA,Delaware County,3.15
42047,2021-05-18,PA,Elk County,4.93
42049,2021-05-18,PA,Erie County,5.68
42051,2021-05-18,PA,Fayette County,8.81
42053,2021-05-18,PA,Forest County,10.36
42055,2021-05-18,PA,Franklin County,4.23
42057,2021-05-18,PA,Fulton County,2.93
42059,2021-05-18,PA,Greene County,6.97
42061,2021-05-18,PA,Huntingdon County,3.26
42063,2021-05-18,PA,Indiana County,7.95
42065,2021-05-18,PA,Jefferson County,5.76
42067,2021-05-18,PA,Juniata County,5.5
42069,2021-05-18,PA,Lackawanna County,5.2
42071,2021-05-18,PA,Lancaster County,4.42
42073,2021-05-18,PA,Lawrence County,7.41
42075,2021-05-18,PA,Lebanon County,6.77
42077,2021-05-18,PA,Lehigh County,4.73
42079,2021-05-18,PA,Luzerne County,6.78
42081,2021-05-18,PA,Lycoming County,5.6
42083,2021-05-18,PA,McKean County,13.51
42085,2021-05-18,PA,Mercer County,6.47
42087,2021-05-18,PA,Mifflin County,7.9
42089,2021-05-18,PA,Monroe County,8.47
42091,2021-05-18,PA,Montgomery County,3.41
42093,2021-05-18,PA,Montour County,4.8100000000000005
42095,2021-05-18,PA,Northampton County,4.61
42097,2021-05-18,PA,Northumberland County,6.9
42099,2021-05-18,PA,Perry County,5.25
42101,2021-05-18,PA,Philadelphia County,4.23
42103,2021-05-18,PA,Pike County,6.8100000000000005
42105,2021-05-18,PA,Potter County,34.86
42107,2021-05-18,PA,Schuylkill County,7.34
42109,2021-05-18,PA,Snyder County,3.79
42111,2021-05-18,PA,Somerset County,5.78
42113,2021-05-18,PA,Sullivan County,0.56
42115,2021-05-18,PA,Susquehanna County,7.45
42117,2021-05-18,PA,Tioga County,7.0
42119,2021-05-18,PA,Union County,4.35
42121,2021-05-18,PA,Venango County,11.98
42123,2021-05-18,PA,Warren County,0.98
42125,2021-05-18,PA,Washington County,4.13
42127,2021-05-18,PA,Wayne County,7.59
42129,2021-05-18,PA,Westmoreland County,5.41
42131,2021-05-18,PA,Wyoming County,15.86
42133,2021-05-18,PA,York County,6.03
45001,2021-05-18,SC,Abbeville County,0.0
45003,2021-05-18,SC,Aiken County,0.0
45005,2021-05-18,SC,Allendale County,0.0
45007,2021-05-18,SC,Anderson County,0.0
45009,2021-05-18,SC,Bamberg County,0.0
45011,2021-05-18,SC,Barnwell County,0.0
45013,2021-05-18,SC,Beaufort County,0.0
45015,2021-05-18,SC,Berkeley County,0.0
45017,2021-05-18,SC,Calhoun County,0.0
45019,2021-05-18,SC,Charleston County,0.0
45021,2021-05-18,SC,Cherokee County,0.0
45023,2021-05-18,SC,Chester County,0.0
45025,2021-05-18,SC,Chesterfield County,0.0
45027,2021-05-18,SC,Clarendon County,0.0
45029,2021-05-18,SC,Colleton County,0.0
45031,2021-05-18,SC,Darlington County,0.0
45033,2021-05-18,SC,Dillon County,0.0
45035,2021-05-18,SC,Dorchester County,0.0
45037,2021-05-18,SC,Edgefield County,0.0
45039,2021-05-18,SC,Fairfield County,0.0
45041,2021-05-18,SC,Florence County,0.0
45043,2021-05-18,SC,Georgetown County,0.0
45045,2021-05-18,SC,Greenville County,0.0
45047,2021-05-18,SC,Greenwood County,0.0
45049,2021-05-18,SC,Hampton County,0.0
45051,2021-05-18,SC,Horry County,0.0
45053,2021-05-18,SC,Jasper County,0.0
45055,2021-05-18,SC,Kershaw County,0.0
45057,2021-05-18,SC,Lancaster County,0.0
45059,2021-05-18,SC,Laurens County,0.0
45061,2021-05-18,SC,Lee County,0.0
45063,2021-05-18,SC,Lexington County,0.0
45067,2021-05-18,SC,Marion County,0.0
45069,2021-05-18,SC,Marlboro County,0.0
45065,2021-05-18,SC,McCormick County,0.0
45071,2021-05-18,SC,Newberry County,0.0
45073,2021-05-18,SC,Oconee County,0.0
45075,2021-05-18,SC,Orangeburg County,0.0
45077,2021-05-18,SC,Pickens County,0.0
45079,2021-05-18,SC,Richland County,0.0
45081,2021-05-18,SC,Saluda County,0.0
45083,2021-05-18,SC,Spartanburg County,0.0
45085,2021-05-18,SC,Sumter County,0.0
45087,2021-05-18,SC,Union County,0.0
45089,2021-05-18,SC,Williamsburg County,0.0
45091,2021-05-18,SC,York County,0.0
47001,2021-05-18,TN,Anderson County,0.0
47003,2021-05-18,TN,Bedford County,0.0
47005,2021-05-18,TN,Benton County,0.0
47007,2021-05-18,TN,Bledsoe County,0.0
47009,2021-05-18,TN,Blount County,0.0
47011,2021-05-18,TN,Bradley County,0.0
47013,2021-05-18,TN,Campbell County,0.0
47015,2021-05-18,TN,Cannon County,0.0
47017,2021-05-18,TN,Carroll County,0.0
47019,2021-05-18,TN,Carter County,0.0
47021,2021-05-18,TN,Cheatham County,0.0
47023,2021-05-18,TN,Chester County,0.0
47025,2021-05-18,TN,Claiborne County,0.0
47027,2021-05-18,TN,Clay County,0.0
47029,2021-05-18,TN,Cocke County,0.0
47031,2021-05-18,TN,Coffee County,0.0
47033,2021-05-18,TN,Crockett County,0.0
47035,2021-05-18,TN,Cumberland County,0.0
47037,2021-05-18,TN,Davidson County,0.0
47039,2021-05-18,TN,Decatur County,0.0
47041,2021-05-18,TN,DeKalb County,0.0
47043,2021-05-18,TN,Dickson County,0.0
47045,2021-05-18,TN,Dyer County,0.0
47047,2021-05-18,TN,Fayette County,0.0
47049,2021-05-18,TN,Fentress County,0.0
47051,2021-05-18,TN,Franklin County,0.0
47053,2021-05-18,TN,Gibson County,0.0
47055,2021-05-18,TN,Giles County,0.0
47057,2021-05-18,TN,Grainger County,0.0
47059,2021-05-18,TN,Greene County,0.0
47061,2021-05-18,TN,Grundy County,0.0
47063,2021-05-18,TN,Hamblen County,0.0
47065,2021-05-18,TN,Hamilton County,0.0
47067,2021-05-18,TN,Hancock County,0.0
47069,2021-05-18,TN,Hardeman County,0.0
47071,2021-05-18,TN,Hardin County,0.0
47073,2021-05-18,TN,Hawkins County,0.0
47075,2021-05-18,TN,Haywood County,0.0
47077,2021-05-18,TN,Henderson County,0.0
47079,2021-05-18,TN,Henry County,0.0
47081,2021-05-18,TN,Hickman County,0.0
47083,2021-05-18,TN,Houston County,0.0
47085,2021-05-18,TN,Humphreys County,0.0
47087,2021-05-18,TN,Jackson County,0.0
47089,2021-05-18,TN,Jefferson County,0.0
47091,2021-05-18,TN,Johnson County,0.0
47093,2021-05-18,TN,Knox County,0.0
47095,2021-05-18,TN,Lake County,0.0
47097,2021-05-18,TN,Lauderdale County,0.0
47099,2021-05-18,TN,Lawrence County,0.0
47101,2021-05-18,TN,Lewis County,0.0
47103,2021-05-18,TN,Lincoln County,0.0
47105,2021-05-18,TN,Loudon County,0.0
47111,2021-05-18,TN,Macon County,0.0
47113,2021-05-18,TN,Madison County,0.0
47115,2021-05-18,TN,Marion County,0.0
47117,2021-05-18,TN,Marshall County,0.0
47119,2021-05-18,TN,Maury County,0.0
47107,2021-05-18,TN,McMinn County,0.0
47109,2021-05-18,TN,McNairy County,0.0
47121,2021-05-18,TN,Meigs County,0.0
47123,2021-05-18,TN,Monroe County,0.0
47125,2021-05-18,TN,Montgomery County,0.0
47127,2021-05-18,TN,Moore County,0.0
47129,2021-05-18,TN,Morgan County,0.0
47131,2021-05-18,TN,Obion County,0.0
47133,2021-05-18,TN,Overton County,0.0
47135,2021-05-18,TN,Perry County,0.0
47137,2021-05-18,TN,Pickett County,0.0
47139,2021-05-18,TN,Polk County,0.0
47141,2021-05-18,TN,Putnam County,0.0
47143,2021-05-18,TN,Rhea County,0.0
47145,2021-05-18,TN,Roane County,0.0
47147,2021-05-18,TN,Robertson County,0.0
47149,2021-05-18,TN,Rutherford County,0.0
47151,2021-05-18,TN,Scott County,0.0
47153,2021-05-18,TN,Sequatchie County,0.0
47155,2021-05-18,TN,Sevier County,0.0
47157,2021-05-18,TN,Shelby County,0.0
47159,2021-05-18,TN,Smith County,0.0
47161,2021-05-18,TN,Stewart County,0.0
47163,2021-05-18,TN,Sullivan County,0.0
47165,2021-05-18,TN,Sumner County,0.0
47167,2021-05-18,TN,Tipton County,0.0
47169,2021-05-18,TN,Trousdale County,0.0
47171,2021-05-18,TN,Unicoi County,0.0
47173,2021-05-18,TN,Union County,0.0
47175,2021-05-18,TN,Van Buren County,0.0
47177,2021-05-18,TN,Warren County,0.0
47179,2021-05-18,TN,Washington County,0.0
47181,2021-05-18,TN,Wayne County,0.0
47183,2021-05-18,TN,Weakley County,0.0
47185,2021-05-18,TN,White County,0.0
47187,2021-05-18,TN,Williamson County,0.0
47189,2021-05-18,TN,Wilson County,0.0
48001,2021-05-18,TX,Anderson County,9.55
48003,2021-05-18,TX,Andrews County,2.22
48005,2021-05-18,TX,Angelina County,2.11
48007,2021-05-18,TX,Aransas County,1.98
48009,2021-05-18,TX,Archer County,0.0
48011,2021-05-18,TX,Armstrong County,0.0
48013,2021-05-18,TX,Atascosa County,2.33
48015,2021-05-18,TX,Austin County,5.9
48017,2021-05-18,TX,Bailey County,6.25
48019,2021-05-18,TX,Bandera County,6.82
48021,2021-05-18,TX,Bastrop County,3.19
48023,2021-05-18,TX,Baylor County,0.0
48025,2021-05-18,TX,Bee County,8.29
48027,2021-05-18,TX,Bell County,4.07
48029,2021-05-18,TX,Bexar County,2.38
48031,2021-05-18,TX,Blanco County,4.05
48033,2021-05-18,TX,Borden County,0.0
48035,2021-05-18,TX,Bosque County,0.77
48037,2021-05-18,TX,Bowie County,10.35
48039,2021-05-18,TX,Brazoria County,3.42
48041,2021-05-18,TX,Brazos County,3.6
48043,2021-05-18,TX,Brewster County,20.0
48045,2021-05-18,TX,Briscoe County,0.0
48047,2021-05-18,TX,Brooks County,3.99
48049,2021-05-18,TX,Brown County,1.3
48051,2021-05-18,TX,Burleson County,3.08
48053,2021-05-18,TX,Burnet County,2.51
48055,2021-05-18,TX,Caldwell County,6.46
48057,2021-05-18,TX,Calhoun County,5.89
48059,2021-05-18,TX,Callahan County,3.33
48061,2021-05-18,TX,Cameron County,5.93
48063,2021-05-18,TX,Camp County,6.86
48065,2021-05-18,TX,Carson County,0.0
48067,2021-05-18,TX,Cass County,4.46
48069,2021-05-18,TX,Castro County,17.92
48071,2021-05-18,TX,Chambers County,5.37
48073,2021-05-18,TX,Cherokee County,2.02
48075,2021-05-18,TX,Childress County,10.98
48077,2021-05-18,TX,Clay County,4.0
48079,2021-05-18,TX,Cochran County,0.0
48081,2021-05-18,TX,Coke County,0.0
48083,2021-05-18,TX,Coleman County,0.0
48085,2021-05-18,TX,Collin County,2.9699999999999998
48087,2021-05-18,TX,Collingsworth County,0.0
48089,2021-05-18,TX,Colorado County,4.31
48091,2021-05-18,TX,Comal County,6.17
48093,2021-05-18,TX,Comanche County,0.0
48095,2021-05-18,TX,Concho County,0.0
48097,2021-05-18,TX,Cooke County,4.99
48099,2021-05-18,TX,Coryell County,0.55
48101,2021-05-18,TX,Cottle County,0.0
48103,2021-05-18,TX,Crane County,0.0
48105,2021-05-18,TX,Crockett County,0.0
48107,2021-05-18,TX,Crosby County,0.0
48109,2021-05-18,TX,Culberson County,0.0
48111,2021-05-18,TX,Dallam County,0.0
48113,2021-05-18,TX,Dallas County,4.3
48115,2021-05-18,TX,Dawson County,3.48
48117,2021-05-18,TX,Deaf Smith County,12.5
48119,2021-05-18,TX,Delta County,5.0
48121,2021-05-18,TX,Denton County,3.36
48123,2021-05-18,TX,DeWitt County,1.3900000000000001
48125,2021-05-18,TX,Dickens County,0.0
48127,2021-05-18,TX,Dimmit County,6.09
48129,2021-05-18,TX,Donley County,0.0
48131,2021-05-18,TX,Duval County,0.76
48133,2021-05-18,TX,Eastland County,0.0
48135,2021-05-18,TX,Ector County,7.34
48137,2021-05-18,TX,Edwards County,0.0
48141,2021-05-18,TX,El Paso County,6.58
48139,2021-05-18,TX,Ellis County,4.85
48143,2021-05-18,TX,Erath County,25.79
48145,2021-05-18,TX,Falls County,0.0
48147,2021-05-18,TX,Fannin County,2.71
48149,2021-05-18,TX,Fayette County,0.54
48151,2021-05-18,TX,Fisher County,0.0
48153,2021-05-18,TX,Floyd County,5.0
48155,2021-05-18,TX,Foard County,0.0
48157,2021-05-18,TX,Fort Bend County,3.51
48159,2021-05-18,TX,Franklin County,8.33
48161,2021-05-18,TX,Freestone County,15.48
48163,2021-05-18,TX,Frio County,15.19
48165,2021-05-18,TX,Gaines County,18.75
48167,2021-05-18,TX,Galveston County,5.2
48169,2021-05-18,TX,Garza County,8.33
48171,2021-05-18,TX,Gillespie County,2.92
48173,2021-05-18,TX,Glasscock County,0.0
48175,2021-05-18,TX,Goliad County,33.0
48177,2021-05-18,TX,Gonzales County,0.0
48179,2021-05-18,TX,Gray County,11.67
48181,2021-05-18,TX,Grayson County,2.6
48183,2021-05-18,TX,Gregg County,7.76
48185,2021-05-18,TX,Grimes County,2.13
48187,2021-05-18,TX,Guadalupe County,3.99
48189,2021-05-18,TX,Hale County,2.02
48191,2021-05-18,TX,Hall County,0.0
48193,2021-05-18,TX,Hamilton County,6.75
48195,2021-05-18,TX,Hansford County,0.0
48197,2021-05-18,TX,Hardeman County,0.0
48199,2021-05-18,TX,Hardin County,11.94
48201,2021-05-18,TX,Harris County,4.94
48203,2021-05-18,TX,Harrison County,3.08
48205,2021-05-18,TX,Hartley County,0.0
48207,2021-05-18,TX,Haskell County,0.0
48209,2021-05-18,TX,Hays County,4.3
48211,2021-05-18,TX,Hemphill County,0.0
48213,2021-05-18,TX,Henderson County,17.47
48215,2021-05-18,TX,Hidalgo County,4.46
48217,2021-05-18,TX,Hill County,5.67
48219,2021-05-18,TX,Hockley County,4.7
48221,2021-05-18,TX,Hood County,4.45
48223,2021-05-18,TX,Hopkins County,6.03
48225,2021-05-18,TX,Houston County,7.14
48227,2021-05-18,TX,Howard County,2.7800000000000002
48229,2021-05-18,TX,Hudspeth County,0.0
48231,2021-05-18,TX,Hunt County,3.6
48233,2021-05-18,TX,Hutchinson County,4.29
48235,2021-05-18,TX,Irion County,0.0
48237,2021-05-18,TX,Jack County,2.86
48239,2021-05-18,TX,Jackson County,1.52
48241,2021-05-18,TX,Jasper County,3.89
48243,2021-05-18,TX,Jeff Davis County,0.0
48245,2021-05-18,TX,Jefferson County,6.0
48247,2021-05-18,TX,Jim Hogg County,0.0
48249,2021-05-18,TX,Jim Wells County,3.26
48251,2021-05-18,TX,Johnson County,5.2
48253,2021-05-18,TX,Jones County,1.87
48255,2021-05-18,TX,Karnes County,3.17
48257,2021-05-18,TX,Kaufman County,3.12
48259,2021-05-18,TX,Kendall County,2.34
48261,2021-05-18,TX,Kenedy County,0.0
48263,2021-05-18,TX,Kent County,0.0
48265,2021-05-18,TX,Kerr County,4.21
48267,2021-05-18,TX,Kimble County,0.0
48269,2021-05-18,TX,King County,0.0
48271,2021-05-18,TX,Kinney County,0.0
48273,2021-05-18,TX,Kleberg County,2.5700000000000003
48275,2021-05-18,TX,Knox County,0.0
48283,2021-05-18,TX,La Salle County,34.03
48277,2021-05-18,TX,Lamar County,17.5
48279,2021-05-18,TX,Lamb County,0.0
48281,2021-05-18,TX,Lampasas County,2.7800000000000002
48285,2021-05-18,TX,Lavaca County,3.77
48287,2021-05-18,TX,Lee County,3.44
48289,2021-05-18,TX,Leon County,0.0
48291,2021-05-18,TX,Liberty County,6.58
48293,2021-05-18,TX,Limestone County,5.59
48295,2021-05-18,TX,Lipscomb County,0.0
48297,2021-05-18,TX,Live Oak County,14.9
48299,2021-05-18,TX,Llano County,1.13
48301,2021-05-18,TX,Loving County,0.0
48303,2021-05-18,TX,Lubbock County,8.76
48305,2021-05-18,TX,Lynn County,6.67
48313,2021-05-18,TX,Madison County,6.76
48315,2021-05-18,TX,Marion County,0.0
48317,2021-05-18,TX,Martin County,0.0
48319,2021-05-18,TX,Mason County,0.0
48321,2021-05-18,TX,Matagorda County,5.98
48323,2021-05-18,TX,Maverick County,3.46
48307,2021-05-18,TX,McCulloch County,0.0
48309,2021-05-18,TX,McLennan County,2.16
48311,2021-05-18,TX,McMullen County,0.0
48325,2021-05-18,TX,Medina County,5.4
48327,2021-05-18,TX,Menard County,0.0
48329,2021-05-18,TX,Midland County,4.52
48331,2021-05-18,TX,Milam County,4.43
48333,2021-05-18,TX,Mills County,2.08
48335,2021-05-18,TX,Mitchell County,0.0
48337,2021-05-18,TX,Montague County,1.67
48339,2021-05-18,TX,Montgomery County,5.63
48341,2021-05-18,TX,Moore County,6.5
48343,2021-05-18,TX,Morris County,30.0
48345,2021-05-18,TX,Motley County,0.0
48347,2021-05-18,TX,Nacogdoches County,5.46
48349,2021-05-18,TX,Navarro County,0.31
48351,2021-05-18,TX,Newton County,10.0
48353,2021-05-18,TX,Nolan County,0.0
48355,2021-05-18,TX,Nueces County,6.36
48357,2021-05-18,TX,Ochiltree County,0.0
48359,2021-05-18,TX,Oldham County,0.0
48361,2021-05-18,TX,Orange County,8.66
48363,2021-05-18,TX,Palo Pinto County,2.1
48365,2021-05-18,TX,Panola County,4.37
48367,2021-05-18,TX,Parker County,7.53
48369,2021-05-18,TX,Parmer County,6.67
48371,2021-05-18,TX,Pecos County,0.0
48373,2021-05-18,TX,Polk County,3.32
48375,2021-05-18,TX,Potter County,2.85
48377,2021-05-18,TX,Presidio County,0.0
48379,2021-05-18,TX,Rains County,0.0
48381,2021-05-18,TX,Randall County,4.82
48383,2021-05-18,TX,Reagan County,0.0
48385,2021-05-18,TX,Real County,0.0
48387,2021-05-18,TX,Red River County,4.17
48389,2021-05-18,TX,Reeves County,7.5
48391,2021-05-18,TX,Refugio County,0.0
48393,2021-05-18,TX,Roberts County,0.0
48395,2021-05-18,TX,Robertson County,2.88
48397,2021-05-18,TX,Rockwall County,1.33
48399,2021-05-18,TX,Runnels County,10.32
48401,2021-05-18,TX,Rusk County,1.48
48403,2021-05-18,TX,Sabine County,0.8300000000000001
48405,2021-05-18,TX,San Augustine County,10.0
48407,2021-05-18,TX,San Jacinto County,7.07
48409,2021-05-18,TX,San Patricio County,9.13
48411,2021-05-18,TX,San Saba County,0.0
48413,2021-05-18,TX,Schleicher County,0.0
48415,2021-05-18,TX,Scurry County,0.0
48417,2021-05-18,TX,Shackelford County,0.0
48419,2021-05-18,TX,Shelby County,5.71
48421,2021-05-18,TX,Sherman County,0.0
48423,2021-05-18,TX,Smith County,3.01
48425,2021-05-18,TX,Somervell County,0.0
48427,2021-05-18,TX,Starr County,5.52
48429,2021-05-18,TX,Stephens County,0.38
48431,2021-05-18,TX,Sterling County,0.0
48433,2021-05-18,TX,Stonewall County,0.0
48435,2021-05-18,TX,Sutton County,0.0
48437,2021-05-18,TX,Swisher County,0.0
48439,2021-05-18,TX,Tarrant County,4.13
48441,2021-05-18,TX,Taylor County,1.77
48443,2021-05-18,TX,Terrell County,0.0
48445,2021-05-18,TX,Terry County,0.0
48447,2021-05-18,TX,Throckmorton County,0.0
48449,2021-05-18,TX,Titus County,9.92
48451,2021-05-18,TX,Tom Green County,4.46
48453,2021-05-18,TX,Travis County,1.6600000000000001
48455,2021-05-18,TX,Trinity County,6.93
48457,2021-05-18,TX,Tyler County,0.0
48459,2021-05-18,TX,Upshur County,0.8300000000000001
48461,2021-05-18,TX,Upton County,0.0
48463,2021-05-18,TX,Uvalde County,7.44
48465,2021-05-18,TX,Val Verde County,2.0
48467,2021-05-18,TX,Van Zandt County,5.75
48469,2021-05-18,TX,Victoria County,11.17
48471,2021-05-18,TX,Walker County,3.24
48473,2021-05-18,TX,Waller County,4.16
48475,2021-05-18,TX,Ward County,0.0
48477,2021-05-18,TX,Washington County,2.81
48479,2021-05-18,TX,Webb County,2.89
48481,2021-05-18,TX,Wharton County,14.24
48483,2021-05-18,TX,Wheeler County,0.0
48485,2021-05-18,TX,Wichita County,4.52
48487,2021-05-18,TX,Wilbarger County,0.0
48489,2021-05-18,TX,Willacy County,3.0
48491,2021-05-18,TX,Williamson County,2.41
48493,2021-05-18,TX,Wilson County,3.73
48495,2021-05-18,TX,Winkler County,0.0
48497,2021-05-18,TX,Wise County,5.83
48499,2021-05-18,TX,Wood County,6.94
48501,2021-05-18,TX,Yoakum County,0.0
48503,2021-05-18,TX,Young County,0.0
48505,2021-05-18,TX,Zapata County,0.8300000000000001
48507,2021-05-18,TX,Zavala County,4.17
51001,2021-05-18,VA,Accomack County,7.14
51003,2021-05-18,VA,Albemarle County,1.07
51510,2021-05-18,VA,Alexandria City,2.6
51005,2021-05-18,VA,Alleghany County,4.32
51007,2021-05-18,VA,Amelia County,5.49
51009,2021-05-18,VA,Amherst County,3.46
51011,2021-05-18,VA,Appomattox County,6.06
51013,2021-05-18,VA,Arlington County,1.37
51015,2021-05-18,VA,Augusta County,3.62
51017,2021-05-18,VA,Bath County,0.0
51019,2021-05-18,VA,Bedford County,7.94
51021,2021-05-18,VA,Bland County,0.67
51023,2021-05-18,VA,Botetourt County,11.15
51520,2021-05-18,VA,Bristol City,20.43
51025,2021-05-18,VA,Brunswick County,3.64
51027,2021-05-18,VA,Buchanan County,7.78
51029,2021-05-18,VA,Buckingham County,4.5600000000000005
51530,2021-05-18,VA,Buena Vista City,7.14
51031,2021-05-18,VA,Campbell County,6.33
51033,2021-05-18,VA,Caroline County,2.9
51035,2021-05-18,VA,Carroll County,9.91
51036,2021-05-18,VA,Charles City County,4.17
51037,2021-05-18,VA,Charlotte County,8.22
51540,2021-05-18,VA,Charlottesville City,0.1
51550,2021-05-18,VA,Chesapeake City,3.7199999999999998
51041,2021-05-18,VA,Chesterfield County,2.51
51043,2021-05-18,VA,Clarke County,3.81
51570,2021-05-18,VA,Colonial Heights City,0.2
51580,2021-05-18,VA,Covington City,10.06
51045,2021-05-18,VA,Craig County,5.61
51047,2021-05-18,VA,Culpeper County,3.02
51049,2021-05-18,VA,Cumberland County,6.2
51590,2021-05-18,VA,Danville City,20.95
51051,2021-05-18,VA,Dickenson County,0.0
51053,2021-05-18,VA,Dinwiddie County,4.76
51595,2021-05-18,VA,Emporia City,0.0
51057,2021-05-18,VA,Essex County,0.0
51600,2021-05-18,VA,Fairfax City,0.0
51059,2021-05-18,VA,Fairfax County,1.8599999999999999
51610,2021-05-18,VA,Falls Church City,0.29
51061,2021-05-18,VA,Fauquier County,2.17
51063,2021-05-18,VA,Floyd County,8.73
51065,2021-05-18,VA,Fluvanna County,0.26
51620,2021-05-18,VA,Franklin City,4.03
51067,2021-05-18,VA,Franklin County,7.18
51069,2021-05-18,VA,Frederick County,5.18
51630,2021-05-18,VA,Fredericksburg City,1.96
51640,2021-05-18,VA,Galax City,8.59
51071,2021-05-18,VA,Giles County,2.08
51073,2021-05-18,VA,Gloucester County,1.56
51075,2021-05-18,VA,Goochland County,1.24
51077,2021-05-18,VA,Grayson County,20.96
51079,2021-05-18,VA,Greene County,4.71
51081,2021-05-18,VA,Greensville County,0.79
51083,2021-05-18,VA,Halifax County,2.15
51650,2021-05-18,VA,Hampton City,6.83
51085,2021-05-18,VA,Hanover County,2.21
51660,2021-05-18,VA,Harrisonburg City,2.7
51087,2021-05-18,VA,Henrico County,1.97
51089,2021-05-18,VA,Henry County,6.22
51091,2021-05-18,VA,Highland County,0.0
51670,2021-05-18,VA,Hopewell City,2.46
51093,2021-05-18,VA,Isle of Wight County,3.26
51095,2021-05-18,VA,James City County,1.47
51097,2021-05-18,VA,King and Queen County,8.46
51099,2021-05-18,VA,King George County,1.11
51101,2021-05-18,VA,King William County,3.93
51103,2021-05-18,VA,Lancaster County,2.38
51105,2021-05-18,VA,Lee County,3.33
51678,2021-05-18,VA,Lexington City,0.09
51107,2021-05-18,VA,Loudoun County,2.6
51109,2021-05-18,VA,Louisa County,2.42
51111,2021-05-18,VA,Lunenburg County,4.25
51680,2021-05-18,VA,Lynchburg City,12.08
51113,2021-05-18,VA,Madison County,4.76
51683,2021-05-18,VA,Manassas City,1.4
51685,2021-05-18,VA,Manassas Park City,26.67
51690,2021-05-18,VA,Martinsville City,21.54
51115,2021-05-18,VA,Mathews County,1.85
51117,2021-05-18,VA,Mecklenburg County,5.24
51119,2021-05-18,VA,Middlesex County,1.43
51121,2021-05-18,VA,Montgomery County,2.74
51125,2021-05-18,VA,Nelson County,2.83
51127,2021-05-18,VA,New Kent County,3.19
51700,2021-05-18,VA,Newport News City,5.37
51710,2021-05-18,VA,Norfolk City,6.4
51131,2021-05-18,VA,Northampton County,1.85
51133,2021-05-18,VA,Northumberland County,0.0
51720,2021-05-18,VA,Norton City,31.75
51135,2021-05-18,VA,Nottoway County,4.31
51137,2021-05-18,VA,Orange County,8.37
51139,2021-05-18,VA,Page County,4.39
51141,2021-05-18,VA,Patrick County,0.91
51730,2021-05-18,VA,Petersburg City,2.76
51143,2021-05-18,VA,Pittsylvania County,6.66
51735,2021-05-18,VA,Poquoson City,1.19
51740,2021-05-18,VA,Portsmouth City,3.46
51145,2021-05-18,VA,Powhatan County,0.43
51147,2021-05-18,VA,Prince Edward County,12.71
51149,2021-05-18,VA,Prince George County,4.8100000000000005
51153,2021-05-18,VA,Prince William County,2.58
51155,2021-05-18,VA,Pulaski County,5.77
51750,2021-05-18,VA,Radford City,13.29
51157,2021-05-18,VA,Rappahannock County,10.48
51760,2021-05-18,VA,Richmond City,2.32
51159,2021-05-18,VA,Richmond County,2.08
51770,2021-05-18,VA,Roanoke City,2.34
51161,2021-05-18,VA,Roanoke County,3.76
51163,2021-05-18,VA,Rockbridge County,16.44
51165,2021-05-18,VA,Rockingham County,2.92
51167,2021-05-18,VA,Russell County,12.17
51775,2021-05-18,VA,Salem City,4.46
51169,2021-05-18,VA,Scott County,5.46
51171,2021-05-18,VA,Shenandoah County,4.16
51173,2021-05-18,VA,Smyth County,10.58
51175,2021-05-18,VA,Southampton County,0.65
51177,2021-05-18,VA,Spotsylvania County,7.24
51179,2021-05-18,VA,Stafford County,6.49
51790,2021-05-18,VA,Staunton City,2.9699999999999998
51800,2021-05-18,VA,Suffolk City,3.44
51181,2021-05-18,VA,Surry County,0.0
51183,2021-05-18,VA,Sussex County,1.54
51185,2021-05-18,VA,Tazewell County,7.02
51810,2021-05-18,VA,Virginia Beach City,3.76
51187,2021-05-18,VA,Warren County,6.13
51191,2021-05-18,VA,Washington County,16.05
51820,2021-05-18,VA,Waynesboro City,0.0
51193,2021-05-18,VA,Westmoreland County,4.21
51830,2021-05-18,VA,Williamsburg City,0.0
51840,2021-05-18,VA,Winchester City,4.82
51195,2021-05-18,VA,Wise County,7.63
51197,2021-05-18,VA,Wythe County,7.47
51199,2021-05-18,VA,York County,0.29
54001,2021-05-18,WV,Barbour County,8.73
54003,2021-05-18,WV,Berkeley County,6.87
54005,2021-05-18,WV,Boone County,9.33
54007,2021-05-18,WV,Braxton County,11.78
54009,2021-05-18,WV,Brooke County,5.6
54011,2021-05-18,WV,Cabell County,4.61
54013,2021-05-18,WV,Calhoun County,8.91
54015,2021-05-18,WV,Clay County,14.4
54017,2021-05-18,WV,Doddridge County,6.73
54019,2021-05-18,WV,Fayette County,5.1
54021,2021-05-18,WV,Gilmer County,7.77
54023,2021-05-18,WV,Grant County,7.19
54025,2021-05-18,WV,Greenbrier County,8.82
54027,2021-05-18,WV,Hampshire County,9.69
54029,2021-05-18,WV,Hancock County,5.02
54031,2021-05-18,WV,Hardy County,1.43
54033,2021-05-18,WV,Harrison County,5.95
54035,2021-05-18,WV,Jackson County,7.1
54037,2021-05-18,WV,Jefferson County,6.46
54039,2021-05-18,WV,Kanawha County,4.8
54041,2021-05-18,WV,Lewis County,8.47
54043,2021-05-18,WV,Lincoln County,8.55
54045,2021-05-18,WV,Logan County,8.68
54049,2021-05-18,WV,Marion County,6.36
54051,2021-05-18,WV,Marshall County,3.75
54053,2021-05-18,WV,Mason County,2.29
54047,2021-05-18,WV,McDowell County,5.52
54055,2021-05-18,WV,Mercer County,6.04
54057,2021-05-18,WV,Mineral County,5.96
54059,2021-05-18,WV,Mingo County,12.6
54061,2021-05-18,WV,Monongalia County,5.16
54063,2021-05-18,WV,Monroe County,4.72
54065,2021-05-18,WV,Morgan County,7.84
54067,2021-05-18,WV,Nicholas County,12.04
54069,2021-05-18,WV,Ohio County,3.81
54071,2021-05-18,WV,Pendleton County,6.02
54073,2021-05-18,WV,Pleasants County,26.15
54075,2021-05-18,WV,Pocahontas County,0.0
54077,2021-05-18,WV,Preston County,4.8100000000000005
54079,2021-05-18,WV,Putnam County,4.71
54081,2021-05-18,WV,Raleigh County,8.45
54083,2021-05-18,WV,Randolph County,8.7
54085,2021-05-18,WV,Ritchie County,3.03
54087,2021-05-18,WV,Roane County,8.01
54089,2021-05-18,WV,Summers County,4.71
54091,2021-05-18,WV,Taylor County,2.13
54093,2021-05-18,WV,Tucker County,4.37
54095,2021-05-18,WV,Tyler County,6.76
54097,2021-05-18,WV,Upshur County,9.28
54099,2021-05-18,WV,Wayne County,6.18
54101,2021-05-18,WV,Webster County,11.16
54103,2021-05-18,WV,Wetzel County,4.01
54105,2021-05-18,WV,Wirt County,6.57
54107,2021-05-18,WV,Wood County,4.83
54109,2021-05-18,WV,Wyoming County,6.01
55001,2021-05-18,WI,Adams County,3.5700000000000003
55003,2021-05-18,WI,Ashland County,6.57
55005,2021-05-18,WI,Barron County,5.44
55007,2021-05-18,WI,Bayfield County,2.63
55009,2021-05-18,WI,Brown County,2.54
55011,2021-05-18,WI,Buffalo County,3.9699999999999998
55013,2021-05-18,WI,Burnett County,5.18
55015,2021-05-18,WI,Calumet County,3.27
55017,2021-05-18,WI,Chippewa County,4.66
55019,2021-05-18,WI,Clark County,6.25
55021,2021-05-18,WI,Columbia County,3.38
55023,2021-05-18,WI,Crawford County,2.58
55025,2021-05-18,WI,Dane County,1.92
55027,2021-05-18,WI,Dodge County,2.05
55029,2021-05-18,WI,Door County,3.91
55031,2021-05-18,WI,Douglas County,6.12
55033,2021-05-18,WI,Dunn County,2.33
55035,2021-05-18,WI,Eau Claire County,3.61
55037,2021-05-18,WI,Florence County,0.0
55039,2021-05-18,WI,Fond du Lac County,2.5300000000000002
55041,2021-05-18,WI,Forest County,0.0
55043,2021-05-18,WI,Grant County,2.12
55045,2021-05-18,WI,Green County,3.32
55047,2021-05-18,WI,Green Lake County,3.04
55049,2021-05-18,WI,Iowa County,5.21
55051,2021-05-18,WI,Iron County,9.12
55053,2021-05-18,WI,Jackson County,7.05
55055,2021-05-18,WI,Jefferson County,2.81
55057,2021-05-18,WI,Juneau County,4.0
55059,2021-05-18,WI,Kenosha County,3.31
55061,2021-05-18,WI,Kewaunee County,2.35
55063,2021-05-18,WI,La Crosse County,3.16
55065,2021-05-18,WI,Lafayette County,0.99
55067,2021-05-18,WI,Langlade County,5.53
55069,2021-05-18,WI,Lincoln County,0.6900000000000001
55071,2021-05-18,WI,Manitowoc County,4.38
55073,2021-05-18,WI,Marathon County,5.01
55075,2021-05-18,WI,Marinette County,4.01
55077,2021-05-18,WI,Marquette County,3.2
55078,2021-05-18,WI,Menominee County,0.49
55079,2021-05-18,WI,Milwaukee County,3.41
55081,2021-05-18,WI,Monroe County,7.41
55083,2021-05-18,WI,Oconto County,5.49
55085,2021-05-18,WI,Oneida County,4.54
55087,2021-05-18,WI,Outagamie County,2.84
55089,2021-05-18,WI,Ozaukee County,2.89
55091,2021-05-18,WI,Pepin County,0.0
55093,2021-05-18,WI,Pierce County,4.58
55095,2021-05-18,WI,Polk County,8.96
55097,2021-05-18,WI,Portage County,4.12
55099,2021-05-18,WI,Price County,3.31
55101,2021-05-18,WI,Racine County,3.47
55103,2021-05-18,WI,Richland County,3.18
55105,2021-05-18,WI,Rock County,5.34
55107,2021-05-18,WI,Rusk County,14.26
55111,2021-05-18,WI,Sauk County,6.4
55113,2021-05-18,WI,Sawyer County,9.87
55115,2021-05-18,WI,Shawano County,2.85
55117,2021-05-18,WI,Sheboygan County,1.65
55109,2021-05-18,WI,St. Croix County,4.33
55119,2021-05-18,WI,Taylor County,4.98
55121,2021-05-18,WI,Trempealeau County,3.03
55123,2021-05-18,WI,Vernon County,4.41
55125,2021-05-18,WI,Vilas County,4.69
55127,2021-05-18,WI,Walworth County,3.22
55129,2021-05-18,WI,Washburn County,12.46
55131,2021-05-18,WI,Washington County,2.64
55133,2021-05-18,WI,Waukesha County,2.77
55135,2021-05-18,WI,Waupaca County,1.55
55137,2021-05-18,WI,Waushara County,2.55
55139,2021-05-18,WI,Winnebago County,3.2
55141,2021-05-18,WI,Wood County,4.51
