GEOID,state,county,percent_new_test_results_reported_positive_7_day_rolling_average
6001,CA,Alameda County,8.95
6003,CA,Alpine County,0.0
6005,CA,Amador County,0.0
6007,CA,Butte County,1.43
6009,CA,Calaveras County,0.0
6011,CA,Colusa County,0.0
6013,CA,Contra Costa County,7.28
6015,CA,Del Norte County,0.0
6017,CA,El Dorado County,2.26
6019,CA,Fresno County,15.62
6021,CA,Glenn County,0.0
6023,CA,Humboldt County,0.87
6025,CA,Imperial County,23.87
6027,CA,Inyo County,0.0
6029,CA,Kern County,10.03
6031,CA,Kings County,11.52
6033,CA,Lake County,2.98
6035,CA,Lassen County,0.0
6037,CA,Los Angeles County,12.29
6039,CA,Madera County,4.1
6041,CA,Marin County,5.49
6043,CA,Mariposa County,0.0
6045,CA,Mendocino County,0.0
6047,CA,Merced County,7.6
6049,CA,Modoc County,0.0
6051,CA,Mono County,0.0
6053,CA,Monterey County,15.2
6055,CA,Napa County,7.6
6057,CA,Nevada County,0.51
6059,CA,Orange County,10.22
6061,CA,Placer County,1.65
6063,CA,Plumas County,0.0
6065,CA,Riverside County,12.64
6067,CA,Sacramento County,4.8
6069,CA,San Benito County,4.15
6071,CA,San Bernardino County,12.04
6073,CA,San Diego County,9.57
6075,CA,San Francisco County,8.54
6077,CA,San Joaquin County,10.31
6079,CA,San Luis Obispo County,2.09
6081,CA,San Mateo County,10.6
6083,CA,Santa Barbara County,10.67
6085,CA,Santa Clara County,8.67
6087,CA,Santa Cruz County,3.79
6089,CA,Shasta County,0.9500000000000001
6091,CA,Sierra County,0.0
6093,CA,Siskiyou County,0.0
6095,CA,Solano County,7.12
6097,CA,Sonoma County,4.8
6099,CA,Stanislaus County,8.21
6101,CA,Sutter County,1.6400000000000001
6103,CA,Tehama County,0.0
6105,CA,Trinity County,0.0
6107,CA,Tulare County,13.86
6109,CA,Tuolumne County,0.0
6111,CA,Ventura County,8.01
6113,CA,Yolo County,10.86
6115,CA,Yuba County,0.51
17001,IL,Adams County,6.01
17003,IL,Alexander County,5.0
17005,IL,Bond County,0.0
17007,IL,Boone County,15.31
17009,IL,Brown County,0.0
17011,IL,Bureau County,7.27
17013,IL,Calhoun County,0.0
17015,IL,Carroll County,3.33
17017,IL,Cass County,8.33
17019,IL,Champaign County,2.5700000000000003
17021,IL,Christian County,11.64
17023,IL,Clark County,0.0
17025,IL,Clay County,7.14
17027,IL,Clinton County,25.83
17029,IL,Coles County,3.6
17031,IL,Cook County,27.43
17033,IL,Crawford County,1.3
17035,IL,Cumberland County,0.0
17039,IL,De Witt County,0.0
17037,IL,DeKalb County,7.12
17041,IL,Douglas County,20.63
17043,IL,DuPage County,24.28
17045,IL,Edgar County,0.0
17047,IL,Edwards County,0.0
17049,IL,Effingham County,7.14
17051,IL,Fayette County,24.21
17053,IL,Ford County,4.76
17055,IL,Franklin County,2.3
17057,IL,Fulton County,0.0
17059,IL,Gallatin County,0.0
17061,IL,Greene County,0.0
17063,IL,Grundy County,5.94
17065,IL,Hamilton County,0.0
17067,IL,Hancock County,3.75
17069,IL,Hardin County,0.0
17071,IL,Henderson County,0.0
17073,IL,Henry County,7.53
17075,IL,Iroquois County,6.55
17077,IL,Jackson County,8.82
17079,IL,Jasper County,55.15
17081,IL,Jefferson County,15.41
17083,IL,Jersey County,24.14
17085,IL,Jo Daviess County,8.33
17087,IL,Johnson County,12.5
17089,IL,Kane County,27.42
17091,IL,Kankakee County,17.64
17093,IL,Kendall County,10.75
17095,IL,Knox County,14.2
17097,IL,Lake County,29.07
17099,IL,LaSalle County,9.97
17101,IL,Lawrence County,0.0
17103,IL,Lee County,7.86
17105,IL,Livingston County,1.19
17107,IL,Logan County,0.0
17115,IL,Macon County,12.97
17117,IL,Macoupin County,5.05
17119,IL,Madison County,19.8
17121,IL,Marion County,7.39
17123,IL,Marshall County,5.95
17125,IL,Mason County,16.67
17127,IL,Massac County,0.0
17109,IL,McDonough County,3.5700000000000003
17111,IL,McHenry County,19.64
17113,IL,McLean County,2.8
17129,IL,Menard County,16.09
17131,IL,Mercer County,7.14
17133,IL,Monroe County,24.76
17135,IL,Montgomery County,11.27
17137,IL,Morgan County,2.86
17139,IL,Moultrie County,0.0
17141,IL,Ogle County,32.08
17143,IL,Peoria County,6.27
17145,IL,Perry County,0.0
17147,IL,Piatt County,1.3
17149,IL,Pike County,5.5600000000000005
17151,IL,Pope County,0.0
17153,IL,Pulaski County,33.33
17155,IL,Putnam County,0.0
17157,IL,Randolph County,19.31
17159,IL,Richland County,6.67
17161,IL,Rock Island County,28.45
17165,IL,Saline County,0.0
17167,IL,Sangamon County,5.06
17169,IL,Schuyler County,0.0
17171,IL,Scott County,0.0
17173,IL,Shelby County,0.0
17163,IL,St. Clair County,16.87
17175,IL,Stark County,0.0
17177,IL,Stephenson County,13.01
17179,IL,Tazewell County,9.72
17181,IL,Union County,10.17
17183,IL,Vermilion County,2.15
17185,IL,Wabash County,0.0
17187,IL,Warren County,27.78
17189,IL,Washington County,33.33
17191,IL,Wayne County,8.89
17193,IL,White County,8.33
17195,IL,Whiteside County,13.63
17197,IL,Will County,23.31
17199,IL,Williamson County,5.2
17201,IL,Winnebago County,21.54
17203,IL,Woodford County,5.24
18001,IN,Adams County,1.32
18003,IN,Allen County,17.14
18005,IN,Bartholomew County,15.43
18007,IN,Benton County,15.73
18009,IN,Blackford County,17.74
18011,IN,Boone County,14.81
18013,IN,Brown County,3.35
18015,IN,Carroll County,3.7199999999999998
18017,IN,Cass County,38.13
18019,IN,Clark County,12.23
18021,IN,Clay County,11.05
18023,IN,Clinton County,9.72
18025,IN,Crawford County,2.38
18027,IN,Daviess County,26.05
18029,IN,Dearborn County,22.5
18031,IN,Decatur County,29.82
18033,IN,DeKalb County,7.94
18035,IN,Delaware County,13.7
18037,IN,Dubois County,3.61
18039,IN,Elkhart County,27.18
18041,IN,Fayette County,22.31
18043,IN,Floyd County,9.63
18045,IN,Fountain County,10.91
18047,IN,Franklin County,33.96
18049,IN,Fulton County,5.83
18051,IN,Gibson County,3.47
18053,IN,Grant County,10.37
18055,IN,Greene County,8.97
18057,IN,Hamilton County,18.0
18059,IN,Hancock County,11.53
18061,IN,Harrison County,23.63
18063,IN,Hendricks County,31.57
18065,IN,Henry County,5.57
18067,IN,Howard County,7.86
18069,IN,Huntington County,0.79
18071,IN,Jackson County,14.8
18073,IN,Jasper County,3.75
18075,IN,Jay County,12.22
18077,IN,Jefferson County,2.83
18079,IN,Jennings County,11.15
18081,IN,Johnson County,22.13
18083,IN,Knox County,1.96
18085,IN,Kosciusko County,2.79
18087,IN,LaGrange County,9.49
18089,IN,Lake County,22.51
18091,IN,LaPorte County,22.22
18093,IN,Lawrence County,11.75
18095,IN,Madison County,20.81
18097,IN,Marion County,22.61
18099,IN,Marshall County,8.83
18101,IN,Martin County,21.33
18103,IN,Miami County,12.14
18105,IN,Monroe County,14.79
18107,IN,Montgomery County,2.2
18109,IN,Morgan County,12.56
18111,IN,Newton County,8.97
18113,IN,Noble County,29.08
18115,IN,Ohio County,0.0
18117,IN,Orange County,36.93
18119,IN,Owen County,2.04
18121,IN,Parke County,7.12
18123,IN,Perry County,18.52
18125,IN,Pike County,0.0
18127,IN,Porter County,19.88
18129,IN,Posey County,2.7800000000000002
18131,IN,Pulaski County,0.0
18133,IN,Putnam County,9.65
18135,IN,Randolph County,1.5899999999999999
18137,IN,Ripley County,10.95
18139,IN,Rush County,12.36
18143,IN,Scott County,12.01
18145,IN,Shelby County,20.94
18147,IN,Spencer County,2.86
18141,IN,St. Joseph County,16.59
18149,IN,Starke County,6.43
18151,IN,Steuben County,17.91
18153,IN,Sullivan County,5.03
18155,IN,Switzerland County,7.14
18157,IN,Tippecanoe County,3.76
18159,IN,Tipton County,11.9
18161,IN,Union County,6.67
18163,IN,Vanderburgh County,7.07
18165,IN,Vermillion County,15.87
18167,IN,Vigo County,9.48
18169,IN,Wabash County,10.71
18171,IN,Warren County,23.33
18173,IN,Warrick County,9.74
18175,IN,Washington County,7.25
18177,IN,Wayne County,10.91
18179,IN,Wells County,10.0
18181,IN,White County,10.43
18183,IN,Whitley County,4.34
23001,ME,Androscoggin County,2.95
23003,ME,Aroostook County,0.0
23005,ME,Cumberland County,9.81
23007,ME,Franklin County,0.0
23009,ME,Hancock County,0.0
23011,ME,Kennebec County,6.93
23013,ME,Knox County,0.0
23015,ME,Lincoln County,0.0
23017,ME,Oxford County,0.0
23019,ME,Penobscot County,5.16
23021,ME,Piscataquis County,0.0
23023,ME,Sagadahoc County,25.0
23025,ME,Somerset County,0.0
23027,ME,Waldo County,0.0
23029,ME,Washington County,0.0
23031,ME,York County,10.19
34001,NJ,Atlantic County,14.29
34003,NJ,Bergen County,54.62
34005,NJ,Burlington County,18.53
34007,NJ,Camden County,29.29
34009,NJ,Cape May County,0.0
34011,NJ,Cumberland County,0.0
34013,NJ,Essex County,52.11
34015,NJ,Gloucester County,16.76
34017,NJ,Hudson County,36.34
34019,NJ,Hunterdon County,0.0
34021,NJ,Mercer County,7.14
34023,NJ,Middlesex County,44.74
34025,NJ,Monmouth County,49.13
34027,NJ,Morris County,52.45
34029,NJ,Ocean County,61.28
34031,NJ,Passaic County,34.37
34033,NJ,Salem County,0.0
34035,NJ,Somerset County,47.86
34037,NJ,Sussex County,0.0
34039,NJ,Union County,43.44
34041,NJ,Warren County,0.0
36001,NY,Albany County,12.79
36003,NY,Allegany County,1.7000000000000002
36005,NY,Bronx County,43.11
36007,NY,Broome County,15.75
36009,NY,Cattaraugus County,3.0
36011,NY,Cayuga County,6.57
36013,NY,Chautauqua County,1.7000000000000002
36015,NY,Chemung County,9.83
36017,NY,Chenango County,9.49
36019,NY,Clinton County,11.8
36021,NY,Columbia County,16.86
36023,NY,Cortland County,4.36
36025,NY,Delaware County,5.0
36027,NY,Dutchess County,20.92
36029,NY,Erie County,24.53
36031,NY,Essex County,14.72
36033,NY,Franklin County,4.16
36035,NY,Fulton County,6.38
36037,NY,Genesee County,16.66
36039,NY,Greene County,14.81
36041,NY,Hamilton County,0.0
36043,NY,Herkimer County,5.8100000000000005
36045,NY,Jefferson County,2.9
36047,NY,Kings County,40.45
36049,NY,Lewis County,3.27
36051,NY,Livingston County,9.24
36053,NY,Madison County,5.23
36055,NY,Monroe County,13.01
36057,NY,Montgomery County,7.2
36059,NY,Nassau County,36.85
36061,NY,New York County,30.81
36063,NY,Niagara County,19.23
36065,NY,Oneida County,15.04
36067,NY,Onondaga County,11.06
36069,NY,Ontario County,6.85
36071,NY,Orange County,34.6
36073,NY,Orleans County,22.9
36075,NY,Oswego County,4.92
36077,NY,Otsego County,4.31
36079,NY,Putnam County,24.89
36081,NY,Queens County,41.07
36083,NY,Rensselaer County,10.75
36085,NY,Richmond County,34.1
36087,NY,Rockland County,41.39
36091,NY,Saratoga County,7.44
36093,NY,Schenectady County,15.86
36095,NY,Schoharie County,7.34
36097,NY,Schuyler County,6.23
36099,NY,Seneca County,20.51
36089,NY,St. Lawrence County,5.7
36101,NY,Steuben County,13.4
36103,NY,Suffolk County,38.32
36105,NY,Sullivan County,24.6
36107,NY,Tioga County,17.05
36109,NY,Tompkins County,2.47
36111,NY,Ulster County,24.76
36113,NY,Warren County,12.82
36115,NY,Washington County,16.7
36117,NY,Wayne County,7.47
36119,NY,Westchester County,36.18
36121,NY,Wyoming County,11.41
36123,NY,Yates County,18.2
37001,NC,Alamance County,10.87
37003,NC,Alexander County,0.0
37005,NC,Alleghany County,0.0
37007,NC,Anson County,28.05
37009,NC,Ashe County,0.0
37011,NC,Avery County,0.0
37013,NC,Beaufort County,3.23
37015,NC,Bertie County,20.62
37017,NC,Bladen County,20.0
37019,NC,Brunswick County,3.75
37021,NC,Buncombe County,3.8200000000000003
37023,NC,Burke County,10.95
37025,NC,Cabarrus County,11.61
37027,NC,Caldwell County,4.52
37029,NC,Camden County,0.0
37031,NC,Carteret County,5.71
37033,NC,Caswell County,24.46
37035,NC,Catawba County,8.91
37037,NC,Chatham County,33.13
37039,NC,Cherokee County,19.7
37041,NC,Chowan County,13.89
37043,NC,Clay County,10.0
37045,NC,Cleveland County,2.77
37047,NC,Columbus County,18.87
37049,NC,Craven County,7.72
37051,NC,Cumberland County,28.01
37053,NC,Currituck County,0.0
37055,NC,Dare County,0.0
37057,NC,Davidson County,10.46
37059,NC,Davie County,6.43
37061,NC,Duplin County,15.26
37063,NC,Durham County,15.64
37065,NC,Edgecombe County,29.93
37067,NC,Forsyth County,12.56
37069,NC,Franklin County,16.34
37071,NC,Gaston County,11.86
37073,NC,Gates County,0.0
37075,NC,Graham County,0.0
37077,NC,Granville County,20.95
37079,NC,Greene County,14.44
37081,NC,Guilford County,31.91
37083,NC,Halifax County,16.63
37085,NC,Harnett County,17.75
37087,NC,Haywood County,1.43
37089,NC,Henderson County,15.38
37091,NC,Hertford County,17.98
37093,NC,Hoke County,25.95
37095,NC,Hyde County,0.0
37097,NC,Iredell County,16.97
37099,NC,Jackson County,2.86
37101,NC,Johnston County,13.94
37103,NC,Jones County,50.0
37105,NC,Lee County,31.62
37107,NC,Lenoir County,11.21
37109,NC,Lincoln County,3.45
37113,NC,Macon County,0.0
37115,NC,Madison County,0.0
37117,NC,Martin County,11.38
37111,NC,McDowell County,4.53
37119,NC,Mecklenburg County,14.99
37121,NC,Mitchell County,6.19
37123,NC,Montgomery County,30.0
37125,NC,Moore County,40.11
37127,NC,Nash County,12.61
37129,NC,New Hanover County,14.12
37131,NC,Northampton County,30.54
37133,NC,Onslow County,3.43
37135,NC,Orange County,11.92
37137,NC,Pamlico County,0.0
37139,NC,Pasquotank County,46.24
37141,NC,Pender County,20.86
37143,NC,Perquimans County,13.89
37145,NC,Person County,11.41
37147,NC,Pitt County,7.35
37149,NC,Polk County,23.61
37151,NC,Randolph County,31.48
37153,NC,Richmond County,33.61
37155,NC,Robeson County,17.5
37157,NC,Rockingham County,7.5
37159,NC,Rowan County,21.09
37161,NC,Rutherford County,24.74
37163,NC,Sampson County,12.19
37165,NC,Scotland County,13.69
37167,NC,Stanly County,1.54
37169,NC,Stokes County,0.0
37171,NC,Surry County,2.49
37173,NC,Swain County,0.0
37175,NC,Transylvania County,5.5600000000000005
37177,NC,Tyrrell County,0.0
37179,NC,Union County,18.22
37181,NC,Vance County,21.49
37183,NC,Wake County,14.01
37185,NC,Warren County,5.0
37187,NC,Washington County,12.86
37189,NC,Watauga County,0.0
37191,NC,Wayne County,43.87
37193,NC,Wilkes County,0.0
37195,NC,Wilson County,24.23
37197,NC,Yadkin County,0.0
37199,NC,Yancey County,0.0
39001,OH,Adams County,0.0
39003,OH,Allen County,26.26
39005,OH,Ashland County,0.0
39007,OH,Ashtabula County,0.0
39009,OH,Athens County,0.0
39011,OH,Auglaize County,6.11
39013,OH,Belmont County,9.34
39015,OH,Brown County,0.0
39017,OH,Butler County,11.33
39019,OH,Carroll County,0.0
39021,OH,Champaign County,2.04
39023,OH,Clark County,4.38
39025,OH,Clermont County,2.86
39027,OH,Clinton County,5.5600000000000005
39029,OH,Columbiana County,36.32
39031,OH,Coshocton County,0.0
39033,OH,Crawford County,0.0
39035,OH,Cuyahoga County,13.27
39037,OH,Darke County,9.26
39039,OH,Defiance County,0.0
39041,OH,Delaware County,8.1
39043,OH,Erie County,6.28
39045,OH,Fairfield County,2.6
39047,OH,Fayette County,0.0
39049,OH,Franklin County,8.2
39051,OH,Fulton County,53.0
39053,OH,Gallia County,0.0
39055,OH,Geauga County,0.0
39057,OH,Greene County,6.94
39059,OH,Guernsey County,3.63
39061,OH,Hamilton County,14.1
39063,OH,Hancock County,10.0
39065,OH,Hardin County,8.33
39067,OH,Harrison County,0.0
39069,OH,Henry County,0.0
39071,OH,Highland County,0.0
39073,OH,Hocking County,0.0
39075,OH,Holmes County,0.0
39077,OH,Huron County,1.5899999999999999
39079,OH,Jackson County,5.5600000000000005
39081,OH,Jefferson County,8.32
39083,OH,Knox County,10.0
39085,OH,Lake County,13.98
39087,OH,Lawrence County,1.02
39089,OH,Licking County,6.08
39091,OH,Logan County,0.0
39093,OH,Lorain County,7.1
39095,OH,Lucas County,29.73
39097,OH,Madison County,3.33
39099,OH,Mahoning County,25.68
39101,OH,Marion County,3.36
39103,OH,Medina County,5.34
39105,OH,Meigs County,0.0
39107,OH,Mercer County,0.0
39109,OH,Miami County,8.42
39111,OH,Monroe County,0.0
39113,OH,Montgomery County,7.6
39115,OH,Morgan County,0.0
39117,OH,Morrow County,4.44
39119,OH,Muskingum County,0.55
39121,OH,Noble County,0.0
39123,OH,Ottawa County,26.19
39125,OH,Paulding County,0.0
39127,OH,Perry County,2.04
39129,OH,Pickaway County,16.35
39131,OH,Pike County,0.0
39133,OH,Portage County,20.0
39135,OH,Preble County,0.0
39137,OH,Putnam County,45.0
39139,OH,Richland County,5.93
39141,OH,Ross County,11.22
39143,OH,Sandusky County,5.0
39145,OH,Scioto County,2.23
39147,OH,Seneca County,5.5600000000000005
39149,OH,Shelby County,2.04
39151,OH,Stark County,22.43
39153,OH,Summit County,22.03
39155,OH,Trumbull County,35.45
39157,OH,Tuscarawas County,0.0
39159,OH,Union County,0.0
39161,OH,Van Wert County,0.0
39163,OH,Vinton County,0.0
39165,OH,Warren County,13.1
39167,OH,Washington County,10.15
39169,OH,Wayne County,21.52
39171,OH,Williams County,18.89
39173,OH,Wood County,10.83
39175,OH,Wyandot County,0.0
41001,OR,Baker County,0.0
41003,OR,Benton County,6.9
41005,OR,Clackamas County,6.07
41007,OR,Clatsop County,0.0
41009,OR,Columbia County,0.0
41011,OR,Coos County,0.0
41013,OR,Crook County,0.0
41015,OR,Curry County,20.0
41017,OR,Deschutes County,6.22
41019,OR,Douglas County,4.23
41021,OR,Gilliam County,0.0
41023,OR,Grant County,0.0
41025,OR,Harney County,0.0
41027,OR,Hood River County,0.0
41029,OR,Jackson County,0.88
41031,OR,Jefferson County,2.04
41033,OR,Josephine County,0.75
41035,OR,Klamath County,8.37
41037,OR,Lake County,0.0
41039,OR,Lane County,2.07
41041,OR,Lincoln County,2.04
41043,OR,Linn County,5.41
41045,OR,Malheur County,0.0
41047,OR,Marion County,16.95
41049,OR,Morrow County,0.0
41051,OR,Multnomah County,7.17
41053,OR,Polk County,2.47
41055,OR,Sherman County,0.0
41057,OR,Tillamook County,2.62
41059,OR,Umatilla County,7.16
41061,OR,Union County,0.0
41063,OR,Wallowa County,0.0
41065,OR,Wasco County,3.44
41067,OR,Washington County,4.91
41069,OR,Wheeler County,0.0
41071,OR,Yamhill County,2.85
42001,PA,Adams County,12.0
42003,PA,Allegheny County,10.28
42005,PA,Armstrong County,9.58
42007,PA,Beaver County,21.73
42009,PA,Bedford County,17.37
42011,PA,Berks County,43.04
42013,PA,Blair County,5.3
42015,PA,Bradford County,3.98
42017,PA,Bucks County,31.22
42019,PA,Butler County,7.62
42021,PA,Cambria County,5.09
42023,PA,Cameron County,0.0
42025,PA,Carbon County,19.4
42027,PA,Centre County,5.63
42029,PA,Chester County,26.1
42031,PA,Clarion County,5.1
42033,PA,Clearfield County,2.54
42035,PA,Clinton County,4.76
42037,PA,Columbia County,42.79
42039,PA,Crawford County,2.04
42041,PA,Cumberland County,23.83
42043,PA,Dauphin County,30.78
42045,PA,Delaware County,38.8
42047,PA,Elk County,0.0
42049,PA,Erie County,13.48
42051,PA,Fayette County,5.49
42053,PA,Forest County,0.0
42055,PA,Franklin County,14.18
42057,PA,Fulton County,5.5600000000000005
42059,PA,Greene County,3.75
42061,PA,Huntingdon County,12.65
42063,PA,Indiana County,13.52
42065,PA,Jefferson County,2.38
42067,PA,Juniata County,44.5
42069,PA,Lackawanna County,42.6
42071,PA,Lancaster County,25.67
42073,PA,Lawrence County,7.38
42075,PA,Lebanon County,31.58
42077,PA,Lehigh County,33.04
42079,PA,Luzerne County,35.56
42081,PA,Lycoming County,4.89
42083,PA,McKean County,13.33
42085,PA,Mercer County,13.55
42087,PA,Mifflin County,15.14
42089,PA,Monroe County,28.96
42091,PA,Montgomery County,28.49
42093,PA,Montour County,1.78
42095,PA,Northampton County,27.59
42097,PA,Northumberland County,33.94
42099,PA,Perry County,6.94
42101,PA,Philadelphia County,33.93
42103,PA,Pike County,26.22
42105,PA,Potter County,0.0
42107,PA,Schuylkill County,25.78
42109,PA,Snyder County,7.12
42111,PA,Somerset County,3.95
42113,PA,Sullivan County,0.0
42115,PA,Susquehanna County,34.34
42117,PA,Tioga County,0.9500000000000001
42119,PA,Union County,5.67
42121,PA,Venango County,1.5899999999999999
42123,PA,Warren County,4.17
42125,PA,Washington County,10.56
42127,PA,Wayne County,36.52
42129,PA,Westmoreland County,9.46
42131,PA,Wyoming County,12.57
42133,PA,York County,12.32
45001,SC,Abbeville County,31.94
45003,SC,Aiken County,35.43
45005,SC,Allendale County,25.0
45007,SC,Anderson County,19.81
45009,SC,Bamberg County,0.0
45011,SC,Barnwell County,22.11
45013,SC,Beaufort County,18.22
45015,SC,Berkeley County,15.82
45017,SC,Calhoun County,22.22
45019,SC,Charleston County,7.36
45021,SC,Cherokee County,10.32
45023,SC,Chester County,33.02
45025,SC,Chesterfield County,26.65
45027,SC,Clarendon County,58.55
45029,SC,Colleton County,20.49
45031,SC,Darlington County,41.86
45033,SC,Dillon County,42.5
45035,SC,Dorchester County,7.33
45037,SC,Edgefield County,66.83
45039,SC,Fairfield County,13.79
45041,SC,Florence County,39.4
45043,SC,Georgetown County,34.52
45045,SC,Greenville County,21.99
45047,SC,Greenwood County,28.34
45049,SC,Hampton County,27.9
45051,SC,Horry County,13.87
45053,SC,Jasper County,13.11
45055,SC,Kershaw County,17.94
45057,SC,Lancaster County,14.32
45059,SC,Laurens County,22.18
45061,SC,Lee County,32.31
45063,SC,Lexington County,31.29
45067,SC,Marion County,36.74
45069,SC,Marlboro County,30.07
45065,SC,McCormick County,51.0
45071,SC,Newberry County,27.35
45073,SC,Oconee County,8.49
45075,SC,Orangeburg County,12.43
45077,SC,Pickens County,5.8100000000000005
45079,SC,Richland County,39.37
45081,SC,Saluda County,29.42
45083,SC,Spartanburg County,13.61
45085,SC,Sumter County,49.71
45087,SC,Union County,11.67
45089,SC,Williamsburg County,38.49
45091,SC,York County,25.71
47001,TN,Anderson County,1.97
47003,TN,Bedford County,29.95
47005,TN,Benton County,2.86
47007,TN,Bledsoe County,19.25
47009,TN,Blount County,1.6099999999999999
47011,TN,Bradley County,12.2
47013,TN,Campbell County,1.77
47015,TN,Cannon County,25.54
47017,TN,Carroll County,2.83
47019,TN,Carter County,2.2
47021,TN,Cheatham County,3.05
47023,TN,Chester County,10.88
47025,TN,Claiborne County,0.0
47027,TN,Clay County,2.08
47029,TN,Cocke County,3.07
47031,TN,Coffee County,4.88
47033,TN,Crockett County,7.26
47035,TN,Cumberland County,2.9
47037,TN,Davidson County,14.59
47039,TN,Decatur County,8.33
47041,TN,DeKalb County,0.76
47043,TN,Dickson County,13.81
47045,TN,Dyer County,4.41
47047,TN,Fayette County,7.07
47049,TN,Fentress County,15.58
47051,TN,Franklin County,1.58
47053,TN,Gibson County,8.8
47055,TN,Giles County,7.34
47057,TN,Grainger County,0.0
47059,TN,Greene County,6.9
47061,TN,Grundy County,21.16
47063,TN,Hamblen County,3.13
47065,TN,Hamilton County,3.03
47067,TN,Hancock County,0.0
47069,TN,Hardeman County,0.84
47071,TN,Hardin County,1.25
47073,TN,Hawkins County,7.8
47075,TN,Haywood County,1.79
47077,TN,Henderson County,3.37
47079,TN,Henry County,1.21
47081,TN,Hickman County,0.75
47083,TN,Houston County,0.0
47085,TN,Humphreys County,1.02
47087,TN,Jackson County,0.0
47089,TN,Jefferson County,1.5
47091,TN,Johnson County,0.0
47093,TN,Knox County,2.38
47095,TN,Lake County,4.69
47097,TN,Lauderdale County,10.54
47099,TN,Lawrence County,4.63
47101,TN,Lewis County,0.0
47103,TN,Lincoln County,1.77
47105,TN,Loudon County,4.7
47111,TN,Macon County,2.88
47113,TN,Madison County,12.57
47115,TN,Marion County,1.9
47117,TN,Marshall County,15.37
47119,TN,Maury County,1.54
47107,TN,McMinn County,0.29
47109,TN,McNairy County,0.0
47121,TN,Meigs County,1.85
47123,TN,Monroe County,2.77
47125,TN,Montgomery County,4.41
47127,TN,Moore County,20.2
47129,TN,Morgan County,1.3
47131,TN,Obion County,1.94
47133,TN,Overton County,14.86
47135,TN,Perry County,25.0
47137,TN,Pickett County,0.0
47139,TN,Polk County,0.0
47141,TN,Putnam County,5.53
47143,TN,Rhea County,5.38
47145,TN,Roane County,1.23
47147,TN,Robertson County,12.39
47149,TN,Rutherford County,13.79
47151,TN,Scott County,16.88
47153,TN,Sequatchie County,0.0
47155,TN,Sevier County,0.73
47157,TN,Shelby County,12.54
47159,TN,Smith County,3.7199999999999998
47161,TN,Stewart County,3.6
47163,TN,Sullivan County,4.18
47165,TN,Sumner County,20.12
47167,TN,Tipton County,6.84
47169,TN,Trousdale County,2.75
47171,TN,Unicoi County,0.0
47173,TN,Union County,0.0
47175,TN,Van Buren County,0.0
47177,TN,Warren County,0.0
47179,TN,Washington County,3.99
47181,TN,Wayne County,4.29
47183,TN,Weakley County,2.04
47185,TN,White County,0.0
47187,TN,Williamson County,8.33
47189,TN,Wilson County,14.68
48001,TX,Anderson County,65.73
48003,TX,Andrews County,16.89
48005,TX,Angelina County,4.76
48007,TX,Aransas County,0.0
48009,TX,Archer County,0.0
48011,TX,Armstrong County,0.0
48013,TX,Atascosa County,20.0
48015,TX,Austin County,0.0
48017,TX,Bailey County,0.0
48019,TX,Bandera County,0.0
48021,TX,Bastrop County,10.58
48023,TX,Baylor County,0.0
48025,TX,Bee County,10.95
48027,TX,Bell County,19.64
48029,TX,Bexar County,14.63
48031,TX,Blanco County,0.0
48033,TX,Borden County,0.0
48035,TX,Bosque County,8.33
48037,TX,Bowie County,17.76
48039,TX,Brazoria County,16.75
48041,TX,Brazos County,13.44
48043,TX,Brewster County,0.0
48045,TX,Briscoe County,0.0
48047,TX,Brooks County,0.0
48049,TX,Brown County,0.0
48051,TX,Burleson County,0.0
48053,TX,Burnet County,13.1
48055,TX,Caldwell County,8.23
48057,TX,Calhoun County,24.17
48059,TX,Callahan County,0.0
48061,TX,Cameron County,13.48
48063,TX,Camp County,0.0
48065,TX,Carson County,0.0
48067,TX,Cass County,37.5
48069,TX,Castro County,0.0
48071,TX,Chambers County,6.67
48073,TX,Cherokee County,0.0
48075,TX,Childress County,0.0
48077,TX,Clay County,0.0
48079,TX,Cochran County,0.0
48081,TX,Coke County,0.0
48083,TX,Coleman County,0.0
48085,TX,Collin County,7.31
48087,TX,Collingsworth County,0.0
48089,TX,Colorado County,1.85
48091,TX,Comal County,3.61
48093,TX,Comanche County,0.0
48095,TX,Concho County,0.0
48097,TX,Cooke County,0.0
48099,TX,Coryell County,24.56
48101,TX,Cottle County,0.0
48103,TX,Crane County,0.0
48105,TX,Crockett County,0.0
48107,TX,Crosby County,0.0
48109,TX,Culberson County,0.0
48111,TX,Dallam County,0.0
48113,TX,Dallas County,17.18
48115,TX,Dawson County,37.62
48117,TX,Deaf Smith County,0.0
48119,TX,Delta County,0.0
48121,TX,Denton County,10.82
48123,TX,DeWitt County,8.33
48125,TX,Dickens County,0.0
48127,TX,Dimmit County,0.0
48129,TX,Donley County,0.0
48131,TX,Duval County,0.0
48133,TX,Eastland County,0.0
48135,TX,Ector County,8.36
48137,TX,Edwards County,0.0
48141,TX,El Paso County,10.86
48139,TX,Ellis County,13.16
48143,TX,Erath County,0.0
48145,TX,Falls County,0.0
48147,TX,Fannin County,12.93
48149,TX,Fayette County,15.19
48151,TX,Fisher County,0.0
48153,TX,Floyd County,0.0
48155,TX,Foard County,0.0
48157,TX,Fort Bend County,9.99
48159,TX,Franklin County,0.0
48161,TX,Freestone County,27.78
48163,TX,Frio County,0.0
48165,TX,Gaines County,0.0
48167,TX,Galveston County,39.1
48169,TX,Garza County,0.0
48171,TX,Gillespie County,0.0
48173,TX,Glasscock County,0.0
48175,TX,Goliad County,0.0
48177,TX,Gonzales County,33.33
48179,TX,Gray County,30.83
48181,TX,Grayson County,1.35
48183,TX,Gregg County,2.83
48185,TX,Grimes County,6.94
48187,TX,Guadalupe County,4.91
48189,TX,Hale County,16.33
48191,TX,Hall County,0.0
48193,TX,Hamilton County,11.11
48195,TX,Hansford County,0.0
48197,TX,Hardeman County,0.0
48199,TX,Hardin County,57.78
48201,TX,Harris County,12.69
48203,TX,Harrison County,35.95
48205,TX,Hartley County,100.0
48207,TX,Haskell County,0.0
48209,TX,Hays County,10.23
48211,TX,Hemphill County,0.0
48213,TX,Henderson County,8.93
48215,TX,Hidalgo County,5.52
48217,TX,Hill County,8.71
48219,TX,Hockley County,0.0
48221,TX,Hood County,25.0
48223,TX,Hopkins County,0.0
48225,TX,Houston County,0.0
48227,TX,Howard County,0.0
48229,TX,Hudspeth County,0.0
48231,TX,Hunt County,9.18
48233,TX,Hutchinson County,0.0
48235,TX,Irion County,0.0
48237,TX,Jack County,0.0
48239,TX,Jackson County,0.0
48241,TX,Jasper County,0.0
48243,TX,Jeff Davis County,100.0
48245,TX,Jefferson County,12.39
48247,TX,Jim Hogg County,0.0
48249,TX,Jim Wells County,0.0
48251,TX,Johnson County,8.14
48253,TX,Jones County,0.0
48255,TX,Karnes County,0.0
48257,TX,Kaufman County,5.99
48259,TX,Kendall County,0.0
48261,TX,Kenedy County,0.0
48263,TX,Kent County,0.0
48265,TX,Kerr County,0.4
48267,TX,Kimble County,0.0
48269,TX,King County,0.0
48271,TX,Kinney County,0.0
48273,TX,Kleberg County,2.38
48275,TX,Knox County,0.0
48283,TX,La Salle County,0.0
48277,TX,Lamar County,0.0
48279,TX,Lamb County,0.0
48281,TX,Lampasas County,0.0
48285,TX,Lavaca County,0.0
48287,TX,Lee County,0.0
48289,TX,Leon County,0.0
48291,TX,Liberty County,5.95
48293,TX,Limestone County,5.16
48295,TX,Lipscomb County,0.0
48297,TX,Live Oak County,0.0
48299,TX,Llano County,0.0
48301,TX,Loving County,0.0
48303,TX,Lubbock County,16.17
48305,TX,Lynn County,35.29
48313,TX,Madison County,0.0
48315,TX,Marion County,0.0
48317,TX,Martin County,0.0
48319,TX,Mason County,0.0
48321,TX,Matagorda County,7.7
48323,TX,Maverick County,8.33
48307,TX,McCulloch County,0.0
48309,TX,McLennan County,5.06
48311,TX,McMullen County,0.0
48325,TX,Medina County,0.0
48327,TX,Menard County,0.0
48329,TX,Midland County,4.88
48331,TX,Milam County,11.19
48333,TX,Mills County,0.0
48335,TX,Mitchell County,0.0
48337,TX,Montague County,0.0
48339,TX,Montgomery County,8.81
48341,TX,Moore County,54.65
48343,TX,Morris County,0.0
48345,TX,Motley County,0.0
48347,TX,Nacogdoches County,31.27
48349,TX,Navarro County,6.35
48351,TX,Newton County,0.0
48353,TX,Nolan County,10.0
48355,TX,Nueces County,5.57
48357,TX,Ochiltree County,0.0
48359,TX,Oldham County,0.0
48361,TX,Orange County,62.5
48363,TX,Palo Pinto County,0.0
48365,TX,Panola County,26.14
48367,TX,Parker County,7.65
48369,TX,Parmer County,0.0
48371,TX,Pecos County,0.0
48373,TX,Polk County,6.55
48375,TX,Potter County,18.62
48377,TX,Presidio County,0.0
48379,TX,Rains County,0.0
48381,TX,Randall County,13.59
48383,TX,Reagan County,0.0
48385,TX,Real County,0.0
48387,TX,Red River County,0.0
48389,TX,Reeves County,0.0
48391,TX,Refugio County,0.0
48393,TX,Roberts County,100.0
48395,TX,Robertson County,0.0
48397,TX,Rockwall County,7.02
48399,TX,Runnels County,0.0
48401,TX,Rusk County,18.29
48403,TX,Sabine County,0.0
48405,TX,San Augustine County,6.25
48407,TX,San Jacinto County,0.0
48409,TX,San Patricio County,0.0
48411,TX,San Saba County,0.0
48413,TX,Schleicher County,0.0
48415,TX,Scurry County,0.0
48417,TX,Shackelford County,0.0
48419,TX,Shelby County,48.67
48421,TX,Sherman County,50.0
48423,TX,Smith County,4.92
48425,TX,Somervell County,0.0
48427,TX,Starr County,0.0
48429,TX,Stephens County,0.0
48431,TX,Sterling County,0.0
48433,TX,Stonewall County,0.0
48435,TX,Sutton County,0.0
48437,TX,Swisher County,10.0
48439,TX,Tarrant County,15.02
48441,TX,Taylor County,11.87
48443,TX,Terrell County,0.0
48445,TX,Terry County,0.0
48447,TX,Throckmorton County,0.0
48449,TX,Titus County,11.9
48451,TX,Tom Green County,2.66
48453,TX,Travis County,10.13
48455,TX,Trinity County,0.0
48457,TX,Tyler County,0.0
48459,TX,Upshur County,0.0
48461,TX,Upton County,0.0
48463,TX,Uvalde County,11.67
48465,TX,Val Verde County,0.0
48467,TX,Van Zandt County,7.14
48469,TX,Victoria County,8.09
48471,TX,Walker County,63.54
48473,TX,Waller County,15.16
48475,TX,Ward County,0.0
48477,TX,Washington County,64.86
48479,TX,Webb County,16.22
48481,TX,Wharton County,7.8100000000000005
48483,TX,Wheeler County,0.0
48485,TX,Wichita County,2.88
48487,TX,Wilbarger County,0.0
48489,TX,Willacy County,20.0
48491,TX,Williamson County,4.63
48493,TX,Wilson County,18.24
48495,TX,Winkler County,0.0
48497,TX,Wise County,0.0
48499,TX,Wood County,0.0
48501,TX,Yoakum County,0.0
48503,TX,Young County,0.0
48505,TX,Zapata County,0.0
48507,TX,Zavala County,0.0
51001,VA,Accomack County,37.92
51003,VA,Albemarle County,9.0
51510,VA,Alexandria City,35.55
51005,VA,Alleghany County,3.5700000000000003
51007,VA,Amelia County,21.43
51009,VA,Amherst County,0.0
51011,VA,Appomattox County,0.0
51013,VA,Arlington County,47.6
51015,VA,Augusta County,16.41
51017,VA,Bath County,0.0
51019,VA,Bedford County,3.56
51021,VA,Bland County,0.0
51023,VA,Botetourt County,15.0
51520,VA,Bristol City,0.0
51025,VA,Brunswick County,12.38
51027,VA,Buchanan County,7.14
51029,VA,Buckingham County,19.25
51530,VA,Buena Vista City,0.0
51031,VA,Campbell County,0.0
51033,VA,Caroline County,21.44
51035,VA,Carroll County,0.0
51036,VA,Charles City County,0.0
51037,VA,Charlotte County,1.85
51540,VA,Charlottesville City,4.5
51550,VA,Chesapeake City,12.17
51041,VA,Chesterfield County,22.64
51043,VA,Clarke County,0.0
51570,VA,Colonial Heights City,33.9
51580,VA,Covington City,0.0
51045,VA,Craig County,0.0
51047,VA,Culpeper County,22.79
51049,VA,Cumberland County,7.62
51590,VA,Danville City,9.57
51051,VA,Dickenson County,0.0
51053,VA,Dinwiddie County,15.73
51595,VA,Emporia City,0.0
51057,VA,Essex County,7.4
51600,VA,Fairfax City,0.0
51059,VA,Fairfax County,35.83
51610,VA,Falls Church City,25.45
51061,VA,Fauquier County,19.32
51063,VA,Floyd County,0.0
51065,VA,Fluvanna County,19.67
51620,VA,Franklin City,18.09
51067,VA,Franklin County,1.67
51069,VA,Frederick County,13.5
51630,VA,Fredericksburg City,10.0
51640,VA,Galax City,0.0
51071,VA,Giles County,0.0
51073,VA,Gloucester County,8.57
51075,VA,Goochland County,31.29
51077,VA,Grayson County,0.0
51079,VA,Greene County,7.49
51081,VA,Greensville County,54.17
51083,VA,Halifax County,4.62
51650,VA,Hampton City,8.22
51085,VA,Hanover County,33.52
51660,VA,Harrisonburg City,48.19
51087,VA,Henrico County,28.75
51089,VA,Henry County,10.58
51091,VA,Highland County,0.0
51670,VA,Hopewell City,23.0
51093,VA,Isle of Wight County,27.14
51095,VA,James City County,8.28
51097,VA,King and Queen County,0.0
51099,VA,King George County,6.12
51101,VA,King William County,0.0
51103,VA,Lancaster County,0.0
51105,VA,Lee County,0.0
51678,VA,Lexington City,0.0
51107,VA,Loudoun County,25.1
51109,VA,Louisa County,9.57
51111,VA,Lunenburg County,0.0
51680,VA,Lynchburg City,6.7
51113,VA,Madison County,20.0
51683,VA,Manassas City,53.26
51685,VA,Manassas Park City,85.24
51690,VA,Martinsville City,0.0
51115,VA,Mathews County,0.0
51117,VA,Mecklenburg County,14.16
51119,VA,Middlesex County,0.0
51121,VA,Montgomery County,8.89
51125,VA,Nelson County,4.76
51127,VA,New Kent County,22.86
51700,VA,Newport News City,7.0
51710,VA,Norfolk City,9.86
51131,VA,Northampton County,12.41
51133,VA,Northumberland County,3.5700000000000003
51720,VA,Norton City,13.33
51135,VA,Nottoway County,11.79
51137,VA,Orange County,6.25
51139,VA,Page County,11.52
51141,VA,Patrick County,0.0
51730,VA,Petersburg City,9.41
51143,VA,Pittsylvania County,6.46
51735,VA,Poquoson City,0.0
51740,VA,Portsmouth City,25.25
51145,VA,Powhatan County,8.33
51147,VA,Prince Edward County,9.41
51149,VA,Prince George County,5.5600000000000005
51153,VA,Prince William County,34.45
51155,VA,Pulaski County,14.31
51750,VA,Radford City,0.0
51157,VA,Rappahannock County,0.0
51760,VA,Richmond City,17.15
51159,VA,Richmond County,33.35
51770,VA,Roanoke City,1.78
51161,VA,Roanoke County,18.68
51163,VA,Rockbridge County,0.0
51165,VA,Rockingham County,44.72
51167,VA,Russell County,0.0
51775,VA,Salem City,10.95
51169,VA,Scott County,5.36
51171,VA,Shenandoah County,29.28
51173,VA,Smyth County,2.08
51175,VA,Southampton County,45.9
51177,VA,Spotsylvania County,15.83
51179,VA,Stafford County,24.92
51790,VA,Staunton City,14.09
51800,VA,Suffolk City,26.65
51181,VA,Surry County,4.76
51183,VA,Sussex County,42.76
51185,VA,Tazewell County,0.0
51810,VA,Virginia Beach City,6.55
51187,VA,Warren County,14.2
51191,VA,Washington County,4.24
51820,VA,Waynesboro City,20.0
51193,VA,Westmoreland County,5.16
51830,VA,Williamsburg City,0.0
51840,VA,Winchester City,4.3
51195,VA,Wise County,18.01
51197,VA,Wythe County,6.94
51199,VA,York County,17.6
54001,WV,Barbour County,0.0
54003,WV,Berkeley County,7.69
54005,WV,Boone County,1.5899999999999999
54007,WV,Braxton County,0.0
54009,WV,Brooke County,2.38
54011,WV,Cabell County,3.26
54013,WV,Calhoun County,0.0
54015,WV,Clay County,0.0
54017,WV,Doddridge County,0.0
54019,WV,Fayette County,5.25
54021,WV,Gilmer County,0.0
54023,WV,Grant County,0.0
54025,WV,Greenbrier County,0.0
54027,WV,Hampshire County,3.5700000000000003
54029,WV,Hancock County,0.0
54031,WV,Hardy County,0.0
54033,WV,Harrison County,4.74
54035,WV,Jackson County,32.82
54037,WV,Jefferson County,8.39
54039,WV,Kanawha County,10.72
54041,WV,Lewis County,0.0
54043,WV,Lincoln County,0.0
54045,WV,Logan County,3.22
54049,WV,Marion County,5.13
54051,WV,Marshall County,1.71
54053,WV,Mason County,3.21
54047,WV,McDowell County,0.0
54055,WV,Mercer County,0.0
54057,WV,Mineral County,27.36
54059,WV,Mingo County,4.52
54061,WV,Monongalia County,8.34
54063,WV,Monroe County,14.17
54065,WV,Morgan County,1.5899999999999999
54067,WV,Nicholas County,0.29
54069,WV,Ohio County,3.55
54071,WV,Pendleton County,0.0
54073,WV,Pleasants County,6.67
54075,WV,Pocahontas County,0.0
54077,WV,Preston County,9.94
54079,WV,Putnam County,5.77
54081,WV,Raleigh County,0.79
54083,WV,Randolph County,0.0
54085,WV,Ritchie County,0.0
54087,WV,Roane County,0.0
54089,WV,Summers County,0.0
54091,WV,Taylor County,3.5700000000000003
54093,WV,Tucker County,0.0
54095,WV,Tyler County,0.0
54097,WV,Upshur County,4.76
54099,WV,Wayne County,15.73
54101,WV,Webster County,0.0
54103,WV,Wetzel County,0.0
54105,WV,Wirt County,13.33
54107,WV,Wood County,8.75
54109,WV,Wyoming County,0.0
55001,WI,Adams County,14.64
55003,WI,Ashland County,0.0
55005,WI,Barron County,0.0
55007,WI,Bayfield County,4.76
55009,WI,Brown County,29.78
55011,WI,Buffalo County,3.5700000000000003
55013,WI,Burnett County,0.0
55015,WI,Calumet County,0.0
55017,WI,Chippewa County,2.66
55019,WI,Clark County,12.65
55021,WI,Columbia County,2.86
55023,WI,Crawford County,0.0
55025,WI,Dane County,4.91
55027,WI,Dodge County,0.53
55029,WI,Door County,0.0
55031,WI,Douglas County,0.0
55033,WI,Dunn County,0.38
55035,WI,Eau Claire County,1.9300000000000002
55037,WI,Florence County,0.0
55039,WI,Fond du Lac County,2.76
55041,WI,Forest County,0.0
55043,WI,Grant County,7.39
55045,WI,Green County,0.0
55047,WI,Green Lake County,8.24
55049,WI,Iowa County,5.95
55051,WI,Iron County,0.0
55053,WI,Jackson County,3.06
55055,WI,Jefferson County,8.45
55057,WI,Juneau County,7.14
55059,WI,Kenosha County,18.44
55061,WI,Kewaunee County,24.76
55063,WI,La Crosse County,0.4
55065,WI,Lafayette County,0.0
55067,WI,Langlade County,0.0
55069,WI,Lincoln County,0.0
55071,WI,Manitowoc County,10.48
55073,WI,Marathon County,1.67
55075,WI,Marinette County,2.38
55077,WI,Marquette County,4.76
55078,WI,Menominee County,0.0
55079,WI,Milwaukee County,16.91
55081,WI,Monroe County,5.8
55083,WI,Oconto County,2.98
55085,WI,Oneida County,0.0
55087,WI,Outagamie County,2.55
55089,WI,Ozaukee County,2.05
55091,WI,Pepin County,0.0
55093,WI,Pierce County,0.0
55095,WI,Polk County,1.02
55097,WI,Portage County,0.0
55099,WI,Price County,0.0
55101,WI,Racine County,15.82
55103,WI,Richland County,6.35
55105,WI,Rock County,12.2
55107,WI,Rusk County,4.17
55111,WI,Sauk County,3.66
55113,WI,Sawyer County,0.0
55115,WI,Shawano County,1.3
55117,WI,Sheboygan County,9.35
55109,WI,St. Croix County,3.9
55119,WI,Taylor County,0.0
55121,WI,Trempealeau County,0.0
55123,WI,Vernon County,0.0
55125,WI,Vilas County,0.0
55127,WI,Walworth County,22.98
55129,WI,Washburn County,2.38
55131,WI,Washington County,7.51
55133,WI,Waukesha County,9.56
55135,WI,Waupaca County,0.0
55137,WI,Waushara County,0.0
55139,WI,Winnebago County,4.02
55141,WI,Wood County,1.5899999999999999
